"countyfips","gps_workplaces"
1001,-0.07
1003,-0.0414
1005,-0.0386
1007,-0.0729
1009,-0.14
1011,NA
1013,-0.0186
1015,-0.114
1017,-0.164
1019,-0.0557
1021,-0.0786
1023,NA
1025,-0.174
1027,NA
1029,NA
1031,-0.13
1033,-0.126
1035,-0.18
1037,NA
1039,-0.0529
1041,NA
1043,-0.144
1045,-0.0386
1047,-0.0386
1049,-0.0771
1051,-0.149
1053,-0.0857
1055,-0.181
1057,NA
1059,-0.03
1061,-0.109
1063,-0.176
1065,NA
1067,-0.141
1069,-0.0243
1071,-0.0671
1073,-0.171
1075,NA
1077,-0.101
1079,-0.05
1081,-0.16
1083,-0.127
1085,-0.0729
1087,-0.217
1089,-0.201
1091,-0.183
1093,-0.0129
1095,-0.176
1097,-0.136
1099,-0.186
1101,-0.0957
1103,-0.141
1105,NA
1107,NA
1109,-0.09
1111,-0.181
1113,-0.191
1115,-0.163
1117,-0.174
1119,NA
1121,-0.121
1123,-0.136
1125,-0.146
1127,-0.124
1129,NA
1131,NA
1133,-0.119
2020,-0.246
2050,NA
2090,-0.0114
2110,-0.227
2122,-0.0871
2130,NA
2150,NA
2170,-0.166
2185,NA
2261,NA
4001,-0.181
4003,-0.129
4005,-0.0743
4007,-0.137
4009,-0.179
4011,NA
4012,-0.359
4013,-0.26
4015,-0.09
4017,-0.0286
4019,-0.197
4021,-0.243
4023,-0.17
4025,-0.19
4027,-0.279
5001,NA
5003,-0.114
5005,-0.0843
5007,-0.2
5009,-0.154
5011,NA
5015,0.0643
5017,NA
5019,-0.0271
5021,NA
5023,0.00143
5025,NA
5027,-0.24
5029,-0.16
5031,-0.0629
5033,-0.146
5035,-0.246
5037,NA
5041,NA
5043,NA
5045,-0.241
5047,-0.11
5049,NA
5051,-0.113
5053,NA
5055,0.0143
5057,-0.0471
5059,-0.0243
5061,NA
5063,-0.0643
5065,NA
5067,NA
5069,-0.13
5071,0.00571
5075,NA
5079,NA
5081,NA
5083,-0.0929
5085,-0.137
5087,NA
5089,NA
5091,-0.0786
5093,-0.187
5095,NA
5097,NA
5099,-0.133
5103,-0.317
5105,NA
5107,NA
5109,NA
5111,-0.0729
5113,-0.199
5115,-0.114
5117,NA
5119,-0.22
5121,-0.0971
5123,-0.0929
5125,-0.167
5127,NA
5129,NA
5131,-0.116
5133,-0.109
5135,-0.0229
5137,NA
5139,-0.126
5141,NA
5143,-0.149
5145,-0.123
5149,-0.243
6001,-0.337
6005,-0.206
6007,-0.117
6009,-0.2
6011,-0.11
6013,-0.293
6015,-0.131
6017,-0.279
6019,-0.203
6021,-0.239
6023,-0.169
6025,-0.189
6027,-0.194
6029,-0.187
6031,-0.199
6033,-0.0957
6035,-0.131
6037,-0.27
6039,-0.143
6041,-0.304
6043,-0.116
6045,-0.139
6047,-0.0643
6049,NA
6051,-0.286
6053,-0.223
6055,-0.194
6057,-0.109
6059,-0.246
6061,-0.2
6063,-0.126
6065,-0.219
6067,-0.276
6069,-0.204
6071,-0.23
6073,-0.287
6075,-0.424
6077,-0.133
6079,-0.254
6081,-0.36
6083,-0.24
6085,-0.343
6087,-0.287
6089,-0.171
6093,-0.0643
6095,-0.21
6097,-0.237
6099,-0.21
6101,-0.174
6103,-0.09
6105,NA
6107,-0.209
6109,-0.147
6111,-0.236
6113,-0.234
6115,-0.174
8001,-0.184
8003,-0.174
8005,-0.236
8007,-0.186
8013,-0.311
8014,-0.307
8015,-0.121
8019,NA
8021,NA
8029,-0.00143
8031,-0.291
8035,-0.317
8037,-0.324
8039,-0.233
8041,-0.157
8043,-0.101
8045,-0.166
8047,NA
8049,-0.249
8051,-0.207
8055,NA
8059,-0.293
8063,-0.247
8065,NA
8067,-0.21
8069,-0.217
8071,-0.0586
8073,NA
8075,-0.0486
8077,-0.0843
8081,-0.131
8083,0.134
8085,-0.186
8087,-0.126
8089,-0.173
8093,-0.216
8097,-0.331
8099,-0.0929
8101,-0.177
8105,NA
8107,-0.194
8109,NA
8113,NA
8117,-0.351
8119,-0.131
8123,-0.121
8125,NA
9001,-0.241
9003,-0.23
9005,-0.11
9007,-0.174
9009,-0.169
9011,-0.0471
9013,-0.107
9015,0.0129
10001,-0.161
10003,-0.253
10005,-0.0571
11001,-0.36
12001,-0.183
12003,-0.12
12005,-0.0586
12007,-0.236
12009,-0.193
12011,-0.244
12013,NA
12015,-0.2
12017,-0.0471
12019,-0.219
12021,-0.199
12023,-0.0329
12027,-0.173
12029,0.01
12031,-0.174
12033,-0.197
12035,-0.167
12037,-0.13
12039,-0.206
12041,-0.187
12043,-0.273
12045,-0.166
12047,-0.116
12049,-0.186
12051,-0.231
12053,-0.143
12055,-0.19
12057,-0.247
12059,-0.146
12061,-0.17
12063,-0.109
12065,NA
12067,NA
12069,-0.201
12071,-0.207
12073,-0.227
12075,-0.0871
12079,-0.143
12081,-0.177
12083,-0.11
12085,-0.294
12086,-0.211
12087,-0.256
12089,-0.14
12091,-0.121
12093,-0.237
12095,-0.279
12097,-0.199
12099,-0.221
12101,-0.129
12103,-0.203
12105,-0.156
12107,-0.00143
12109,-0.169
12111,-0.164
12113,-0.0957
12115,-0.213
12117,-0.259
12119,-0.186
12121,-0.186
12123,-0.164
12125,NA
12127,-0.183
12129,-0.116
12131,-0.1
12133,0.0343
13001,0.0329
13003,NA
13005,NA
13009,-0.0929
13011,0.00286
13013,-0.0657
13015,-0.0657
13017,-0.206
13019,-0.0971
13021,-0.139
13023,NA
13025,-0.191
13027,-0.0471
13029,-0.137
13031,-0.04
13033,-0.297
13035,-0.187
13039,-0.107
13043,NA
13045,-0.163
13047,-0.261
13049,NA
13051,-0.21
13053,NA
13055,-0.00429
13057,-0.283
13059,-0.0843
13063,-0.213
13065,NA
13067,-0.317
13069,-0.233
13071,-0.107
13073,-0.169
13075,-0.111
13077,-0.136
13079,NA
13081,-0.0786
13083,-0.0614
13085,-0.13
13087,-0.103
13089,-0.277
13091,-0.101
13093,-0.166
13095,-0.134
13097,-0.19
13099,NA
13103,-0.0829
13105,-0.153
13107,-0.12
13109,NA
13111,-0.111
13113,-0.179
13115,-0.197
13117,-0.293
13119,-0.211
13121,-0.327
13123,-0.151
13127,-0.167
13129,-0.177
13131,-0.231
13133,-0.137
13135,-0.196
13137,-0.146
13139,-0.0314
13141,NA
13143,-0.0614
13145,-0.0871
13147,-0.0286
13149,NA
13151,-0.206
13153,-0.2
13155,NA
13157,-0.0886
13159,NA
13161,-0.00143
13163,-0.19
13165,NA
13167,NA
13169,-0.233
13171,-0.0629
13173,NA
13175,-0.124
13177,-0.0971
13179,-0.0914
13181,NA
13183,-0.0829
13185,-0.196
13187,-0.124
13189,-0.157
13191,NA
13193,NA
13195,-0.09
13197,NA
13199,-0.18
13201,NA
13205,-0.164
13207,-0.103
13209,NA
13211,-0.203
13213,-0.156
13215,-0.18
13217,-0.137
13219,-0.11
13221,NA
13223,-0.224
13225,-0.154
13227,-0.0143
13229,-0.119
13231,-0.03
13233,-0.226
13235,NA
13237,-0.154
13241,-0.113
13243,NA
13245,-0.157
13247,-0.203
13251,NA
13253,NA
13255,-0.131
13257,-0.216
13261,-0.166
13263,NA
13267,-0.0571
13269,NA
13271,NA
13273,NA
13275,-0.191
13277,-0.0714
13279,-0.144
13281,NA
13283,NA
13285,-0.0229
13287,NA
13289,NA
13291,0.04
13293,-0.171
13295,-0.129
13297,-0.256
13299,-0.251
13301,NA
13303,-0.1
13305,-0.1
13311,-0.00714
13313,-0.103
13315,NA
13317,NA
13319,NA
13321,-0.0757
15001,-0.259
15003,-0.271
15007,-0.293
15009,-0.134
16001,-0.223
16005,-0.0843
16009,NA
16011,-0.171
16013,-0.241
16015,NA
16017,-0.05
16019,-0.0629
16021,NA
16027,-0.109
16029,NA
16031,-0.106
16035,NA
16039,-0.107
16041,NA
16043,NA
16045,-0.196
16047,-0.0414
16049,NA
16051,-0.169
16053,-0.08
16055,-0.273
16057,-0.263
16059,NA
16063,NA
16065,-0.181
16067,-0.0686
16069,-0.147
16073,NA
16075,-0.127
16077,NA
16079,NA
16081,NA
16083,-0.109
16085,NA
16087,NA
17001,-0.0857
17003,NA
17005,-0.107
17007,-0.121
17011,-0.146
17015,NA
17017,NA
17019,-0.184
17021,-0.0943
17023,-0.0857
17025,NA
17027,-0.0757
17029,-0.121
17031,-0.253
17033,-0.00429
17035,-0.117
17037,-0.196
17039,NA
17041,0.0329
17043,-0.194
17045,-0.247
17047,NA
17049,-0.147
17051,-0.0357
17053,NA
17055,-0.143
17057,-0.187
17061,NA
17063,-0.203
17065,NA
17067,-0.109
17071,NA
17073,-0.0543
17075,-0.197
17077,-0.181
17079,NA
17081,-0.266
17083,-0.101
17085,-0.147
17087,NA
17089,-0.183
17091,-0.157
17093,-0.259
17095,-0.174
17097,-0.203
17099,-0.02
17101,NA
17103,-0.0614
17105,-0.101
17107,-0.139
17109,-0.11
17111,-0.116
17113,-0.179
17115,-0.197
17117,-0.121
17119,-0.134
17121,-0.154
17123,NA
17125,NA
17127,-0.18
17129,NA
17131,NA
17133,-0.213
17135,0.0186
17137,-0.149
17139,NA
17141,-0.0957
17143,-0.206
17145,-0.147
17147,NA
17149,NA
17153,NA
17157,0.0214
17159,-0.121
17161,-0.0871
17163,-0.12
17165,-0.167
17167,-0.289
17169,NA
17173,-0.0314
17175,NA
17177,-0.161
17179,-0.25
17181,-0.187
17183,-0.126
17185,NA
17187,-0.13
17189,NA
17191,-0.316
17193,NA
17195,-0.101
17197,-0.214
17199,-0.216
17201,-0.137
17203,-0.246
18001,-0.144
18003,-0.149
18005,-0.227
18007,NA
18009,NA
18011,-0.187
18013,-0.0843
18015,-0.0686
18017,-0.171
18019,-0.127
18021,-0.124
18023,-0.0486
18025,NA
18027,-0.204
18029,-0.184
18031,-0.109
18033,-0.0957
18035,-0.211
18037,-0.111
18039,-0.151
18041,-0.129
18043,-0.22
18045,NA
18047,-0.0671
18049,-0.213
18051,-0.0771
18053,-0.117
18055,-0.164
18057,-0.284
18059,-0.193
18061,-0.114
18063,-0.12
18065,-0.196
18067,-0.12
18069,-0.0571
18071,-0.121
18073,-0.0743
18075,-0.12
18077,-0.0486
18079,-0.191
18081,-0.18
18083,0
18085,-0.144
18087,-0.02
18089,-0.164
18091,-0.193
18093,-0.116
18095,-0.144
18097,-0.226
18099,-0.134
18101,NA
18103,-0.12
18105,-0.179
18107,-0.0414
18109,-0.19
18111,-0.187
18113,-0.00429
18115,NA
18117,-0.0857
18119,-0.197
18121,NA
18123,-0.0529
18125,NA
18127,-0.196
18129,-0.149
18131,NA
18133,-0.217
18135,-0.0557
18137,-0.206
18139,-0.117
18141,-0.13
18143,-0.0571
18145,-0.191
18147,-0.141
18149,-0.0486
18151,-0.0129
18153,-0.0114
18155,NA
18157,-0.204
18159,-0.18
18161,NA
18163,-0.16
18165,-0.0386
18167,-0.169
18169,-0.0729
18171,NA
18173,-0.144
18175,-0.00286
18177,-0.0886
18179,-0.151
18181,-0.0929
18183,-0.24
19001,NA
19005,NA
19007,NA
19011,-0.0886
19013,-0.0886
19015,-0.163
19017,-0.103
19019,-0.141
19021,-0.231
19023,NA
19025,NA
19027,NA
19029,NA
19031,-0.13
19033,-0.149
19035,NA
19037,NA
19039,NA
19041,-0.12
19043,NA
19045,0.00571
19047,-0.259
19049,-0.173
19051,NA
19053,NA
19055,NA
19057,-0.0814
19059,NA
19061,-0.0986
19063,NA
19065,-0.103
19067,-0.154
19069,NA
19071,-0.119
19073,NA
19075,NA
19077,NA
19079,-0.07
19081,NA
19083,-0.0657
19085,-0.184
19087,-0.106
19089,NA
19091,NA
19093,NA
19095,-0.0386
19097,-0.209
19099,-0.163
19101,NA
19103,-0.2
19105,-0.0857
19107,NA
19109,-0.139
19111,-0.164
19113,-0.163
19115,NA
19117,NA
19119,NA
19121,NA
19123,-0.189
19125,-0.136
19127,-0.201
19129,NA
19131,NA
19133,NA
19135,NA
19137,NA
19139,-0.0771
19141,NA
19143,NA
19145,-0.0514
19147,NA
19149,-0.0757
19151,NA
19153,-0.169
19155,-0.139
19157,-0.0714
19161,NA
19163,-0.167
19165,NA
19167,-0.0886
19169,-0.204
19171,0.04
19173,NA
19175,NA
19177,NA
19179,-0.109
19181,-0.174
19183,-0.0857
19185,NA
19187,-0.134
19189,NA
19191,-0.176
19193,0.0357
19195,NA
19197,NA
20001,-0.183
20003,NA
20005,NA
20009,-0.0943
20011,NA
20013,NA
20015,-0.191
20021,-0.0729
20027,NA
20029,NA
20031,-0.147
20035,-0.0857
20037,-0.0629
20041,0.0457
20043,NA
20045,-0.2
20051,-0.0114
20053,NA
20055,-0.104
20057,-0.109
20059,-0.0971
20061,-0.0843
20067,NA
20073,NA
20079,-0.0357
20085,NA
20087,NA
20091,-0.229
20095,NA
20099,-0.129
20103,-0.154
20107,NA
20111,-0.116
20113,-0.191
20115,NA
20117,NA
20121,-0.09
20123,NA
20125,-0.0443
20127,NA
20131,NA
20133,-0.0571
20139,NA
20143,NA
20145,NA
20149,-0.139
20151,NA
20155,-0.231
20159,NA
20161,-0.173
20167,NA
20169,-0.131
20171,NA
20173,-0.127
20175,-0.296
20177,-0.131
20191,-0.144
20193,NA
20197,NA
20201,NA
20205,NA
20209,-0.129
21001,NA
21003,-0.0271
21005,-0.08
21007,NA
21009,-0.159
21011,NA
21013,-0.106
21015,-0.191
21017,-0.214
21019,-0.186
21021,-0.0714
21023,NA
21025,NA
21027,NA
21029,-0.179
21031,NA
21033,NA
21035,-0.0743
21037,-0.299
21041,NA
21043,-0.0886
21045,NA
21047,-0.179
21049,-0.149
21051,NA
21055,NA
21059,-0.246
21061,NA
21065,NA
21067,-0.189
21069,NA
21071,-0.201
21073,-0.201
21075,NA
21077,-0.13
21079,-0.286
21081,-0.226
21083,-0.124
21085,-0.173
21087,NA
21089,-0.0757
21091,NA
21093,-0.206
21095,NA
21097,-0.263
21099,-0.114
21101,-0.13
21103,-0.21
21107,-0.0729
21109,NA
21111,-0.251
21113,-0.186
21115,NA
21117,-0.35
21121,-0.0871
21123,NA
21125,-0.179
21127,NA
21133,NA
21135,NA
21137,-0.09
21139,NA
21141,-0.164
21143,NA
21145,-0.144
21147,NA
21149,NA
21151,-0.209
21155,NA
21157,-0.169
21161,-0.133
21163,-0.219
21167,-0.161
21169,NA
21171,NA
21173,-0.174
21175,NA
21177,-0.0929
21179,-0.226
21181,NA
21183,-0.209
21185,-0.189
21187,NA
21191,NA
21193,NA
21195,-0.0657
21197,NA
21199,-0.171
21203,0.0443
21205,-0.179
21207,NA
21209,-0.3
21211,-0.223
21213,-0.103
21215,-0.316
21217,-0.0657
21219,NA
21221,NA
21223,NA
21225,NA
21227,-0.119
21229,NA
21231,NA
21233,NA
21235,-0.08
21239,-0.171
22001,-0.229
22003,-0.179
22005,-0.0529
22007,-0.299
22009,-0.223
22011,-0.0671
22013,NA
22015,-0.16
22017,-0.119
22019,-0.17
22021,NA
22023,NA
22027,NA
22029,-0.253
22031,-0.12
22033,-0.239
22037,NA
22039,-0.261
22041,NA
22043,0.04
22045,-0.144
22047,-0.29
22049,NA
22051,-0.25
22053,-0.159
22055,-0.121
22057,-0.337
22059,NA
22061,-0.267
22063,-0.0343
22065,-0.0757
22067,-0.141
22069,-0.171
22071,-0.334
22073,-0.126
22075,-0.311
22077,NA
22079,-0.154
22081,NA
22083,-0.0643
22085,-0.171
22087,-0.256
22089,-0.359
22091,NA
22093,-0.371
22095,-0.293
22097,-0.151
22099,-0.134
22101,-0.207
22103,-0.246
22105,-0.12
22109,-0.306
22111,-0.166
22113,-0.244
22115,-0.09
22117,-0.134
22119,-0.163
22121,-0.151
22123,NA
22125,NA
22127,NA
23001,-0.121
23003,-0.156
23005,-0.177
23007,-0.179
23009,-0.0943
23011,-0.0343
23013,-0.0957
23015,-0.07
23017,-0.131
23019,-0.209
23021,NA
23023,-0.16
23025,-0.0829
23027,-0.129
23029,-0.0657
23031,-0.161
24001,-0.124
24003,-0.213
24005,-0.264
24009,-0.241
24011,-0.179
24013,-0.209
24015,-0.22
24017,-0.326
24019,-0.12
24021,-0.147
24023,-0.246
24025,-0.164
24027,-0.293
24029,NA
24031,-0.267
24033,-0.233
24035,-0.103
24037,-0.216
24039,-0.0986
24041,-0.25
24043,-0.0114
24045,-0.0543
24047,0.0529
24510,-0.233
25001,-0.0686
25003,-0.196
25005,-0.179
25007,NA
25009,-0.21
25011,-0.186
25013,-0.25
25015,-0.179
25017,-0.299
25019,NA
25021,-0.256
25023,-0.226
25025,-0.336
25027,-0.19
26001,NA
26003,NA
26005,-0.191
26007,0.0686
26009,-0.0514
26011,NA
26013,NA
26015,-0.0914
26017,-0.06
26019,-0.0429
26021,-0.13
26023,-0.05
26025,-0.127
26027,-0.0957
26029,0.0371
26031,0.246
26033,-0.0371
26035,-0.01
26037,-0.283
26039,-0.0943
26041,-0.167
26043,-0.194
26045,-0.00714
26047,0.0443
26049,-0.234
26051,0.0471
26053,-0.151
26055,-0.0971
26057,-0.0943
26059,-0.123
26061,0.136
26063,0.00571
26065,-0.247
26067,-0.08
26069,-0.0771
26071,NA
26073,-0.174
26075,-0.13
26077,-0.187
26079,-0.169
26081,-0.18
26085,NA
26087,-0.153
26089,NA
26091,-0.111
26093,-0.196
26097,NA
26099,-0.233
26101,-0.00286
26103,-0.166
26105,-0.0229
26107,-0.119
26109,0.121
26111,-0.123
26113,NA
26115,-0.114
26117,-0.01
26119,NA
26121,-0.107
26123,-0.0671
26125,-0.254
26127,-0.07
26129,-0.119
26133,-0.0114
26135,NA
26137,-0.0457
26139,-0.0729
26141,NA
26143,0.0386
26145,-0.19
26147,-0.0671
26149,-0.0457
26151,-0.11
26153,NA
26155,-0.124
26157,-0.171
26159,0.07
26161,-0.357
26163,-0.221
26165,0.0657
27001,NA
27003,-0.15
27005,-0.0786
27007,-0.0686
27009,-0.133
27013,-0.197
27015,-0.163
27017,-0.127
27019,-0.207
27021,-0.0371
27023,NA
27025,-0.15
27027,-0.169
27029,NA
27033,NA
27035,-0.07
27037,-0.229
27039,-0.169
27041,-0.15
27043,NA
27045,NA
27047,-0.0886
27049,-0.114
27051,NA
27053,-0.273
27055,NA
27057,-0.0643
27059,-0.154
27061,-0.177
27063,NA
27065,-0.217
27067,-0.0986
27071,NA
27073,NA
27075,NA
27079,-0.0157
27081,NA
27083,-0.161
27085,-0.0743
27087,NA
27089,NA
27091,-0.0886
27093,-0.166
27095,-0.07
27097,-0.0743
27099,-0.149
27101,NA
27103,-0.217
27105,-0.174
27107,NA
27109,-0.0729
27111,-0.0843
27113,NA
27115,-0.0886
27117,NA
27119,-0.2
27121,NA
27123,-0.239
27127,NA
27129,-0.217
27131,-0.177
27133,NA
27135,NA
27137,-0.221
27139,-0.216
27141,-0.153
27143,NA
27145,-0.139
27147,-0.144
27149,NA
27151,NA
27153,-0.0871
27157,-0.06
27159,NA
27161,-0.104
27163,-0.191
27165,NA
27167,NA
27169,-0.0814
27171,-0.119
27173,NA
28001,-0.253
28003,-0.163
28005,NA
28007,NA
28009,NA
28011,-0.184
28013,NA
28015,NA
28017,NA
28021,NA
28023,NA
28025,-0.107
28027,-0.0357
28029,-0.0843
28031,NA
28033,-0.2
28035,-0.191
28039,0.0143
28041,NA
28043,-0.137
28045,-0.199
28047,-0.21
28049,-0.211
28051,NA
28053,NA
28057,-0.206
28059,-0.02
28061,NA
28065,NA
28067,-0.194
28069,NA
28071,-0.153
28073,-0.134
28075,-0.107
28077,NA
28079,NA
28081,-0.113
28083,-0.251
28085,-0.0729
28087,-0.21
28089,-0.277
28091,-0.174
28093,-0.18
28095,-0.0743
28097,NA
28099,-0.0657
28101,NA
28103,NA
28105,-0.187
28107,-0.179
28109,-0.111
28111,NA
28113,0.01
28115,-0.196
28117,-0.12
28119,NA
28121,-0.189
28123,-0.269
28127,-0.277
28129,NA
28131,-0.221
28133,-0.109
28135,NA
28137,-0.163
28139,NA
28141,NA
28143,NA
28145,-0.177
28147,NA
28149,-0.223
28151,-0.193
28153,NA
28155,NA
28159,NA
28161,NA
28163,-0.117
29001,-0.0443
29003,NA
29007,-0.173
29009,-0.111
29011,NA
29013,-0.177
29015,0.0229
29017,NA
29019,-0.161
29021,-0.179
29023,-0.0843
29025,NA
29027,-0.0686
29029,0.0771
29031,-0.147
29033,NA
29037,-0.0629
29039,-0.0129
29041,NA
29043,-0.189
29045,NA
29047,-0.247
29049,-0.09
29051,-0.08
29053,-0.0757
29055,-0.0257
29057,NA
29059,-0.0157
29061,NA
29063,NA
29065,NA
29067,NA
29069,-0.0886
29071,-0.0386
29073,NA
29077,-0.151
29079,NA
29081,-0.183
29083,-0.0857
29085,NA
29089,NA
29091,-0.03
29093,NA
29095,-0.189
29097,-0.04
29099,-0.0843
29101,-0.107
29105,-0.0329
29107,-0.136
29109,-0.11
29111,NA
29113,-0.0586
29115,NA
29117,NA
29119,-0.246
29121,0.005
29123,NA
29125,NA
29127,-0.173
29131,-0.153
29133,-0.0386
29135,NA
29137,NA
29139,NA
29141,-0.0971
29143,-0.0943
29145,-0.0557
29147,-0.0457
29149,NA
29151,NA
29153,NA
29155,-0.13
29157,-0.217
29159,-0.0143
29161,-0.167
29163,-0.07
29165,-0.169
29167,0.0286
29169,-0.17
29173,NA
29175,-0.13
29177,-0.151
29181,NA
29183,-0.29
29185,NA
29186,-0.221
29187,-0.0629
29189,-0.186
29195,0.0614
29201,-0.0614
29203,NA
29207,-0.13
29209,-0.0871
29211,NA
29213,0.0829
29215,-0.0614
29217,-0.0443
29219,-0.16
29221,-0.0514
29223,NA
29225,-0.0486
29229,-0.0843
29510,-0.22
30001,NA
30003,-0.127
30007,NA
30009,NA
30013,-0.196
30017,NA
30021,NA
30023,NA
30027,NA
30029,-0.0971
30031,-0.167
30035,NA
30041,-0.0786
30043,NA
30047,-0.03
30049,-0.211
30053,0.0214
30057,NA
30063,-0.141
30067,0.00429
30077,NA
30081,-0.08
30083,NA
30085,NA
30087,NA
30089,NA
30093,-0.201
30095,NA
30105,NA
30111,-0.151
31001,-0.0786
31013,-0.0471
31019,-0.107
31021,NA
31023,NA
31025,-0.106
31027,NA
31033,-0.05
31035,NA
31037,NA
31039,NA
31041,NA
31043,-0.0557
31045,NA
31047,-0.0529
31049,NA
31051,NA
31053,-0.156
31055,-0.141
31059,NA
31067,-0.0171
31079,-0.143
31081,-0.09
31089,NA
31093,NA
31095,NA
31099,NA
31101,-0.0814
31107,NA
31109,-0.0771
31111,-0.09
31119,-0.123
31121,NA
31127,NA
31131,-0.0586
31137,NA
31139,NA
31141,-0.0943
31143,NA
31145,NA
31147,NA
31151,-0.243
31153,-0.2
31155,-0.129
31157,-0.00143
31159,-0.149
31167,NA
31173,NA
31177,-0.0486
31179,NA
31185,0.09
32001,-0.26
32003,-0.204
32005,-0.19
32007,-0.191
32013,-0.05
32015,NA
32019,-0.0414
32023,-0.151
32031,-0.197
32033,NA
32510,-0.16
33001,-0.104
33003,-0.0571
33005,-0.154
33007,-0.04
33009,-0.186
33011,-0.191
33013,-0.161
33015,-0.223
33017,-0.111
33019,-0.0771
34001,-0.2
34003,-0.286
34005,-0.231
34007,-0.201
34009,0.314
34011,-0.163
34013,-0.271
34015,-0.234
34017,-0.29
34019,-0.17
34021,-0.314
34023,-0.243
34025,-0.26
34027,-0.296
34029,-0.223
34031,-0.167
34033,-0.15
34035,-0.216
34037,-0.107
34039,-0.21
34041,-0.249
35001,-0.231
35005,-0.116
35006,-0.19
35007,-0.153
35009,-0.163
35013,-0.169
35015,-0.239
35017,-0.0857
35019,NA
35023,NA
35025,-0.326
35027,-0.149
35028,-0.369
35029,-0.12
35031,-0.141
35035,-0.211
35037,-0.204
35039,-0.0929
35041,-0.14
35043,-0.199
35045,-0.12
35047,-0.214
35049,-0.211
35051,-0.237
35053,-0.0457
35055,-0.189
35057,-0.194
35061,-0.07
36001,-0.317
36003,-0.253
36005,-0.296
36007,-0.244
36009,-0.134
36011,-0.161
36013,-0.0129
36015,-0.231
36017,-0.187
36019,-0.153
36021,-0.0857
36023,-0.06
36025,-0.189
36027,-0.23
36029,-0.263
36031,-0.194
36033,-0.146
36035,-0.133
36037,-0.166
36039,-0.09
36043,-0.161
36045,-0.0586
36047,-0.344
36049,-0.123
36051,-0.2
36053,-0.151
36055,-0.217
36057,-0.09
36059,-0.271
36061,-0.404
36063,-0.0829
36065,-0.159
36067,-0.197
36069,-0.189
36071,-0.277
36073,-0.101
36075,-0.0686
36077,-0.211
36079,-0.279
36081,-0.246
36083,-0.166
36085,-0.25
36087,-0.374
36089,-0.0929
36091,-0.216
36093,-0.264
36095,-0.18
36097,-0.0814
36099,-0.1
36101,-0.187
36103,-0.18
36105,-0.0357
36107,-0.157
36109,-0.244
36111,-0.216
36113,-0.104
36115,-0.196
36117,-0.109
36119,-0.23
36121,-0.16
36123,-0.2
37001,-0.234
37003,-0.194
37005,NA
37007,-0.143
37009,-0.129
37011,0.154
37013,-0.163
37015,-0.117
37017,-0.121
37019,-0.0771
37021,-0.231
37023,-0.11
37025,-0.184
37027,-0.0829
37029,NA
37031,2.66e-10
37033,-0.136
37035,-0.1
37037,-0.243
37039,-0.0943
37041,NA
37043,NA
37045,-0.0971
37047,-0.01
37049,-0.2
37051,-0.151
37053,0.0157
37055,0.0529
37057,-0.146
37059,-0.174
37061,-0.0886
37063,-0.287
37065,-0.173
37067,-0.206
37069,-0.169
37071,-0.181
37073,NA
37075,NA
37077,-0.16
37079,-0.126
37081,-0.194
37083,-0.223
37085,-0.06
37087,-0.0914
37089,-0.101
37091,-0.0857
37093,-0.18
37097,-0.264
37099,-0.17
37101,-0.0757
37103,NA
37105,-0.194
37107,-0.163
37109,-0.18
37111,-0.104
37113,-0.0143
37115,-0.101
37117,-0.13
37119,-0.29
37121,NA
37123,-0.149
37125,-0.187
37127,-0.136
37129,-0.151
37131,-0.13
37133,-0.21
37135,-0.233
37137,NA
37139,-0.119
37141,-0.151
37143,NA
37145,-0.109
37147,-0.184
37149,-0.164
37151,0.0443
37153,-0.124
37155,-0.106
37157,-0.129
37159,-0.201
37161,-0.14
37163,-0.124
37165,-0.0471
37167,-0.173
37169,-0.179
37171,-0.164
37173,-0.137
37175,-0.104
37179,-0.201
37181,-0.211
37183,-0.301
37185,-0.119
37187,NA
37189,-0.0529
37191,-0.176
37193,-0.153
37195,-0.243
37197,-0.139
37199,-0.22
38003,NA
38015,-0.141
38017,-0.189
38025,NA
38035,-0.126
38053,-0.354
38055,NA
38057,NA
38059,-0.153
38061,NA
38067,NA
38071,NA
38073,NA
38077,0.0271
38079,NA
38089,-0.156
38093,-0.101
38097,NA
38099,NA
38101,-0.05
38105,-0.254
39001,-0.0857
39003,-0.199
39005,-0.11
39007,-0.0586
39009,-0.213
39011,-0.147
39013,-0.0843
39015,-0.226
39017,-0.147
39019,-0.14
39021,-0.184
39023,-0.0986
39025,-0.2
39027,-0.166
39029,-0.0543
39031,-0.146
39033,-0.113
39035,-0.191
39037,-0.116
39039,-0.0786
39041,-0.25
39043,-0.104
39045,-0.236
39047,0.0714
39049,-0.243
39051,-0.194
39053,-0.05
39055,-0.196
39057,-0.146
39059,0.117
39061,-0.216
39063,-0.171
39065,-0.23
39067,NA
39069,-0.161
39071,-0.149
39073,-0.179
39075,-0.0443
39077,-0.196
39079,-0.0743
39081,-0.14
39083,-0.16
39085,-0.174
39087,-0.211
39089,-0.226
39091,-0.204
39093,-0.176
39095,-0.139
39097,-0.206
39099,-0.186
39101,-0.109
39103,-0.0814
39105,-0.11
39107,-0.21
39109,-0.0714
39111,NA
39113,-0.186
39115,NA
39117,-0.171
39119,-0.15
39121,NA
39123,-0.0257
39125,-0.0671
39127,-0.181
39129,-0.114
39131,-0.113
39133,-0.146
39135,-0.107
39137,-0.0471
39139,-0.0271
39141,-0.161
39143,-0.07
39145,-0.101
39147,-0.186
39149,-0.169
39151,-0.101
39153,-0.174
39155,-0.129
39157,-0.104
39159,-0.149
39161,-0.14
39163,NA
39165,-0.241
39167,-0.114
39169,-0.1
39171,-0.0329
39173,-0.223
39175,-0.16
40001,-0.143
40005,-0.303
40009,-0.169
40011,NA
40013,-0.126
40015,-0.206
40017,-0.167
40019,-0.169
40021,-0.114
40023,-0.213
40027,-0.124
40031,-0.201
40033,-0.153
40035,-0.0457
40037,0.00429
40039,-0.157
40041,-0.04
40047,-0.139
40049,-0.26
40051,-0.13
40061,NA
40063,NA
40065,-0.0729
40069,NA
40071,-0.0586
40073,NA
40075,NA
40077,NA
40079,-0.101
40081,-0.0786
40083,-0.163
40085,NA
40087,-0.0871
40089,-0.181
40091,-0.05
40093,NA
40095,-0.109
40097,0.0271
40099,-0.0757
40101,-0.0371
40103,NA
40105,NA
40107,NA
40109,-0.19
40111,-0.0929
40113,-0.177
40115,-0.0914
40117,-0.203
40119,-0.207
40121,-0.116
40123,-0.0814
40125,-0.11
40127,NA
40131,-0.119
40133,-0.106
40135,0.00286
40137,-0.07
40139,-0.283
40141,NA
40143,-0.15
40145,-0.136
40147,-0.113
40149,NA
40151,NA
40153,-0.214
41001,-0.243
41003,-0.309
41005,-0.253
41007,-0.0686
41009,-0.18
41011,-0.106
41013,-0.246
41015,-0.0729
41017,-0.219
41019,-0.129
41023,NA
41025,NA
41027,-0.149
41029,-0.217
41031,-0.0471
41033,-0.106
41035,-0.186
41037,NA
41039,-0.239
41041,-0.119
41043,-0.143
41045,-0.21
41047,-0.233
41049,-0.251
41051,-0.314
41053,-0.236
41055,NA
41057,-0.166
41059,-0.08
41061,-0.123
41065,-0.203
41067,-0.25
41071,-0.209
42001,-0.143
42003,-0.28
42005,-0.186
42007,-0.157
42009,-0.0971
42011,-0.109
42013,-0.209
42015,-0.161
42017,-0.136
42019,-0.24
42021,-0.167
42025,-0.0843
42027,-0.193
42029,-0.239
42031,-0.101
42033,-0.0857
42035,-0.119
42037,-0.11
42039,-0.09
42041,-0.233
42043,-0.261
42045,-0.263
42047,-0.0743
42049,-0.183
42051,-0.147
42055,-0.116
42057,-0.0271
42059,-0.156
42061,-0.176
42063,-0.0343
42065,-0.0814
42067,-0.316
42069,-0.116
42071,-0.156
42073,-0.11
42075,-0.167
42077,-0.177
42079,-0.18
42081,-0.21
42083,-0.07
42085,-0.0329
42087,-0.207
42089,-0.171
42091,-0.234
42093,-0.311
42095,-0.164
42097,-0.11
42099,-0.191
42101,-0.271
42103,0.0186
42105,NA
42107,-0.104
42109,-0.177
42111,-0.11
42113,NA
42115,-0.0571
42117,-0.143
42119,-0.137
42121,-0.119
42123,-0.134
42125,-0.15
42127,0.02
42129,-0.177
42131,-0.0743
42133,-0.131
44001,-0.267
44003,-0.194
44005,-0.127
44007,-0.201
44009,-0.159
45001,-0.157
45003,-0.126
45005,NA
45007,-0.144
45009,NA
45011,-0.107
45013,-0.173
45015,-0.247
45017,-0.12
45019,-0.17
45021,-0.0757
45023,-0.177
45025,-0.0971
45027,-0.0314
45029,-0.154
45031,-0.196
45033,-0.196
45035,-0.176
45037,-0.166
45039,-0.226
45041,-0.0657
45043,-0.1
45045,-0.197
45047,-0.16
45049,-0.167
45051,-0.09
45053,-0.0757
45055,-0.08
45057,-0.286
45059,-0.199
45061,-0.123
45063,-0.0414
45065,NA
45067,-0.177
45069,-0.163
45071,-0.116
45073,-0.119
45075,-0.0529
45077,-0.237
45079,-0.169
45081,-0.166
45083,-0.0643
45085,-0.123
45087,-0.161
45089,-0.179
45091,-0.22
46005,-0.171
46009,NA
46011,-0.146
46013,-0.1
46019,NA
46023,NA
46027,NA
46029,-0.0714
46033,NA
46035,-0.161
46047,NA
46051,NA
46057,NA
46065,NA
46067,NA
46079,NA
46081,-0.159
46083,-0.107
46087,NA
46093,-0.134
46099,-0.0943
46101,NA
46102,NA
46103,-0.0829
46109,NA
46121,NA
46125,NA
46127,NA
46135,-0.0657
47001,-0.214
47003,-0.191
47005,-0.137
47007,NA
47009,-0.213
47011,-0.2
47013,-0.107
47015,-0.163
47017,-0.124
47019,-0.03
47021,-0.181
47023,NA
47025,-0.05
47027,NA
47029,-0.0971
47031,-0.111
47033,NA
47035,-0.109
47037,-0.3
47039,NA
47041,-0.154
47043,-0.153
47045,-0.0614
47047,-0.17
47049,NA
47051,-0.123
47053,-0.0729
47055,-0.287
47057,-0.136
47059,-0.11
47061,NA
47063,-0.1
47065,-0.231
47069,-0.157
47071,-0.197
47073,-0.0929
47075,-0.0857
47077,0.00571
47079,-0.0543
47081,-0.15
47083,NA
47085,-0.0929
47087,NA
47089,-0.0157
47091,NA
47093,-0.201
47097,-0.267
47099,-0.0929
47101,NA
47103,0.0514
47105,-0.127
47107,-0.0757
47109,-0.0729
47111,-0.156
47113,-0.169
47115,-0.197
47117,-0.116
47119,-0.199
47121,-0.123
47123,-0.126
47125,-0.0557
47127,NA
47129,-0.0743
47131,-0.0857
47133,-0.131
47135,NA
47139,-0.139
47141,-0.114
47143,-0.00571
47145,-0.114
47147,-0.0257
47149,-0.21
47151,-0.0286
47153,-0.0771
47155,-0.0714
47157,-0.169
47159,-0.107
47161,NA
47163,-0.186
47165,-0.173
47167,-0.166
47169,NA
47171,-0.0886
47173,-0.0186
47177,-0.0586
47179,-0.1
47181,NA
47183,-0.16
47185,-0.0586
47187,-0.26
47189,-0.121
48001,-0.151
48003,-0.359
48005,-0.149
48007,-0.0871
48009,NA
48013,-0.153
48015,-0.149
48017,NA
48019,-0.276
48021,-0.123
48025,-0.156
48027,-0.129
48029,-0.216
48031,NA
48035,-0.101
48037,-0.129
48039,-0.211
48041,-0.244
48043,NA
48047,NA
48049,-0.197
48051,-0.121
48053,-0.163
48055,-0.23
48057,-0.25
48059,-0.00857
48061,-0.204
48063,NA
48065,-0.177
48067,-0.0614
48069,NA
48071,-0.193
48073,-0.164
48075,NA
48077,NA
48083,NA
48085,-0.269
48089,-0.18
48091,-0.229
48093,NA
48097,-0.233
48099,-0.0886
48107,NA
48109,NA
48111,NA
48113,-0.264
48115,NA
48117,-0.21
48121,-0.267
48123,0.0171
48127,NA
48131,NA
48133,-0.124
48135,-0.264
48139,-0.263
48141,-0.209
48143,-0.209
48145,-0.101
48147,-0.0771
48149,-0.171
48157,-0.209
48159,-0.0571
48161,-0.0386
48163,-0.276
48165,-0.394
48167,-0.186
48171,-0.223
48175,NA
48177,-0.187
48179,-0.186
48181,-0.189
48183,-0.07
48185,-0.0886
48187,-0.179
48189,-0.16
48191,NA
48193,NA
48197,NA
48199,-0.0929
48201,-0.207
48203,-0.104
48209,-0.223
48213,-0.0843
48215,-0.117
48217,-0.15
48219,-0.149
48221,-0.116
48223,-0.0271
48225,-0.1
48227,-0.227
48231,-0.113
48233,-0.0114
48237,NA
48239,-0.129
48241,-0.09
48245,-0.194
48249,-0.116
48251,-0.156
48253,-0.0371
48255,-0.219
48257,-0.149
48259,-0.27
48265,-0.134
48267,NA
48273,-0.244
48277,-0.126
48279,-0.246
48281,-0.176
48283,NA
48285,NA
48287,-0.0729
48289,-0.179
48291,-0.06
48293,-0.151
48297,-0.281
48299,-0.111
48303,-0.159
48305,NA
48307,NA
48309,-0.153
48311,NA
48313,-0.238
48315,NA
48317,NA
48321,-0.169
48323,-0.266
48325,-0.139
48329,-0.223
48331,-0.166
48335,-0.134
48337,-0.0457
48339,-0.154
48341,2.13e-09
48343,NA
48347,-0.161
48349,-0.0943
48351,NA
48353,-0.123
48355,-0.166
48357,NA
48359,NA
48361,-0.0843
48363,-0.147
48365,-0.226
48367,-0.0614
48369,NA
48371,-0.304
48373,-0.0729
48375,-0.0686
48377,NA
48379,NA
48381,-0.0614
48383,NA
48387,NA
48389,-0.243
48391,-0.204
48395,-0.11
48397,-0.236
48399,NA
48401,-0.13
48403,NA
48405,NA
48407,-0.101
48409,-0.0743
48415,-0.294
48419,-0.304
48421,NA
48423,-0.18
48425,NA
48427,-0.179
48429,NA
48437,NA
48439,-0.214
48441,-0.1
48445,-0.199
48449,-0.216
48451,-0.139
48453,-0.299
48455,-0.174
48457,-0.0386
48459,-0.17
48463,-0.0829
48465,-0.17
48467,-0.151
48469,-0.15
48471,-0.187
48473,-0.101
48475,-0.359
48477,-0.161
48479,-0.107
48481,-0.19
48485,-0.0514
48487,-0.06
48489,-0.109
48491,-0.233
48493,-0.227
48495,-0.357
48497,-0.167
48499,-0.0657
48501,NA
48503,-0.166
48505,NA
48507,NA
49001,-0.103
49003,-0.154
49005,-0.164
49007,-0.0686
49011,-0.189
49013,NA
49015,NA
49019,NA
49021,-0.0443
49023,NA
49025,NA
49027,-0.259
49029,NA
49035,-0.233
49037,NA
49039,-0.0471
49041,0.03
49043,-0.39
49045,-0.197
49047,-0.2
49049,-0.229
49051,-0.247
49053,-0.134
49057,-0.213
50001,-0.254
50003,-0.219
50005,-0.241
50007,-0.281
50011,-0.244
50013,NA
50015,-0.116
50017,-0.239
50019,-0.107
50021,-0.236
50023,-0.256
50025,-0.237
50027,-0.153
51001,-0.0229
51003,-0.259
51005,-0.187
51007,NA
51009,-0.0714
51011,-0.159
51013,-0.364
51015,-0.16
51019,-0.104
51021,NA
51023,-0.153
51025,0.115
51027,NA
51029,NA
51031,-0.0414
51033,-0.0414
51035,-0.0357
51036,NA
51037,NA
51041,-0.18
51043,NA
51047,-0.144
51049,NA
51051,NA
51053,-0.189
51057,-0.117
51059,-0.289
51061,-0.216
51063,NA
51065,-0.18
51067,-0.124
51069,-0.111
51071,-0.0514
51073,-0.103
51075,NA
51077,NA
51079,-0.127
51081,-0.121
51083,-0.0471
51085,-0.256
51087,-0.303
51089,-0.0814
51093,-0.17
51095,-0.183
51097,NA
51099,-0.221
51101,-0.167
51103,NA
51105,-0.209
51107,-0.266
51109,-0.13
51111,NA
51113,NA
51115,NA
51117,-0.0443
51119,NA
51121,-0.201
51125,NA
51127,-0.173
51131,NA
51133,NA
51135,NA
51137,-0.137
51139,-0.129
51141,NA
51143,-0.169
51145,-0.2
51147,-0.0871
51149,-0.0857
51153,-0.213
51155,-0.0914
51157,NA
51159,NA
51161,-0.251
51163,-0.169
51165,-0.07
51167,-0.164
51169,-0.266
51171,-0.0986
51173,-0.149
51175,-0.08
51177,-0.206
51179,-0.197
51181,NA
51183,-0.107
51185,-0.134
51187,-0.09
51191,-0.194
51193,-0.124
51195,-0.183
51197,-0.204
51199,-0.207
51510,-0.296
51520,-0.123
51530,NA
51540,-0.367
51550,-0.143
51570,-0.0543
51580,NA
51590,-0.189
51595,NA
51600,-0.286
51610,-0.543
51620,NA
51630,-0.291
51640,-0.184
51650,-0.174
51660,-0.266
51670,-0.237
51680,-0.216
51683,-0.143
51685,-0.226
51690,-0.121
51700,-0.226
51710,-0.196
51730,-0.193
51735,NA
51740,-0.179
51750,NA
51760,-0.336
51770,-0.16
51775,-0.25
51790,-0.154
51800,-0.201
51810,-0.26
51820,-0.0386
51830,-0.179
51840,-0.184
53001,-0.251
53003,-0.141
53005,-0.219
53007,-0.171
53009,-0.144
53011,-0.259
53015,-0.216
53017,-0.0843
53021,-0.2
53025,-0.0686
53027,-0.121
53029,-0.244
53031,-0.0929
53033,-0.359
53035,-0.18
53037,-0.299
53039,-0.126
53041,-0.176
53043,NA
53045,-0.173
53047,-0.124
53049,-0.0829
53051,NA
53053,-0.214
53055,-0.0657
53057,-0.214
53059,-0.233
53061,-0.241
53063,-0.189
53065,-0.0771
53067,-0.227
53071,-0.19
53073,-0.21
53075,-0.154
53077,-0.0514
54001,NA
54003,-0.181
54005,NA
54007,NA
54009,-0.137
54011,-0.147
54019,-0.154
54023,NA
54025,-0.08
54027,-0.136
54029,-0.173
54031,NA
54033,-0.256
54035,-0.177
54037,-0.147
54039,-0.177
54041,NA
54043,NA
54045,-0.139
54047,NA
54049,-0.229
54051,-0.17
54053,-0.137
54055,-0.164
54057,-0.167
54059,NA
54061,-0.193
54063,NA
54065,-0.229
54067,-0.107
54069,-0.149
54073,NA
54077,0
54079,-0.181
54081,-0.12
54083,-0.0686
54085,NA
54087,NA
54089,NA
54091,-0.214
54095,NA
54097,-0.0186
54099,-0.171
54103,NA
54107,-0.0486
54109,NA
55001,0.0114
55003,NA
55005,-0.0743
55007,NA
55009,-0.23
55011,NA
55013,NA
55015,-0.146
55017,-0.123
55019,-0.2
55021,-0.07
55023,NA
55025,-0.21
55027,-0.12
55029,0.144
55031,-0.114
55033,-0.0757
55035,-0.0729
55039,0.0629
55041,NA
55043,-0.16
55045,-0.18
55047,-0.173
55049,-0.103
55053,-0.124
55055,-0.137
55057,-0.0314
55059,-0.121
55061,-0.136
55063,-0.199
55065,NA
55067,-0.0786
55069,-0.1
55071,-0.0757
55073,-0.0629
55075,-0.0229
55077,-0.0971
55079,-0.19
55081,-0.186
55083,-0.131
55085,-0.0543
55087,-0.0743
55089,-0.231
55091,NA
55093,-0.119
55095,-0.141
55097,-0.204
55099,NA
55101,-0.181
55103,-0.189
55105,-0.0814
55107,NA
55109,-0.126
55111,-0.0743
55113,-0.144
55115,-0.143
55117,-0.00429
55119,NA
55121,-0.251
55123,-0.23
55125,-0.124
55127,-0.11
55129,NA
55131,-0.156
55133,-0.2
55135,-0.0529
55137,0.0343
55139,-0.176
55141,-0.126
56001,-0.17
56003,NA
56005,-0.241
56007,-0.16
56009,-0.27
56011,NA
56013,-0.14
56015,NA
56019,NA
56021,-0.103
56023,-0.186
56025,-0.191
56029,-0.104
56031,NA
56033,-0.171
56035,NA
56037,-0.186
56039,-0.0429
56041,-0.203
56043,NA
56045,NA
