"countyfips","vaccine_rate","fullvaccine_rate"
1001,43.2,34.2
1003,54.5,42.9
1005,46.7,35.8
1007,37.3,29.8
1009,32.8,26.5
1011,53.4,43.4
1013,43.9,33.9
1015,48.9,39.7
1017,32.5,26.9
1019,33.3,27.4
1021,37.9,30.2
1023,70.6,55.8
1025,56.1,44.6
1027,45.7,36.3
1029,32.9,26.7
1031,40.7,33.2
1033,50.4,42.1
1035,48.8,36.1
1037,42.2,35.1
1039,41.3,33.1
1041,36.8,29.5
1043,40.2,33.8
1045,53,45
1047,49.7,36.3
1049,35.7,28.2
1051,47.2,37.2
1053,40.7,30.9
1055,43.5,35.2
1057,35.4,29.9
1059,46.9,37.9
1061,40.2,33
1063,55.7,41.4
1065,62.8,52.8
1067,47.7,38.5
1069,44.4,36.8
1071,50.9,41.3
1073,61.3,49.3
1075,43.9,37.7
1077,50.3,40.3
1079,48.6,40.8
1081,39.4,33.8
1083,36.6,31.7
1085,54.7,41.1
1087,51,40.2
1089,62.1,52
1091,59.5,47.3
1093,37.7,31.5
1095,47.6,38.7
1097,50.9,41.8
1099,48.5,37.5
1101,56,44
1103,44.6,37.4
1105,50.8,41.9
1107,51.7,41.6
1109,43.5,35.4
1111,35.4,28.6
1113,41.8,32.4
1115,41.3,33.8
1117,38.7,31
1119,56.8,42.5
1121,39.1,31.7
1123,40.6,33.9
1125,45.2,37.7
1127,49.9,40.8
1129,49.6,40.8
1131,58.5,45.2
1133,23.6,19.1
2013,74.3,68.3
2016,65.6,54.9
2020,62.2,54.4
2050,61.4,56.3
2068,52.4,45.7
2070,47.6,42.5
2090,53.7,46.4
2100,65.8,62.7
2110,70.8,64.8
2122,44.9,40.5
2130,61.3,56.8
2150,61.4,55.9
2158,61.4,57
2170,36.4,31.8
2180,63.4,60.6
2185,36.1,32.6
2188,53.6,49.7
2195,70,65.8
2198,53.4,47.8
2220,71,68.2
2230,70,66.3
2240,31.5,27
2261,55.8,51.1
2275,53.6,52
2290,65.6,60.5
4001,82.1,71.2
4003,61,53.1
4005,76.4,67.1
4007,59.2,51
4009,60.7,53
4011,42.9,36.6
4012,48.2,40.7
4013,56.1,48.4
4015,43.1,35.5
4017,70.4,60.6
4019,66.1,58
4021,51.3,44.7
4023,98.3,89.1
4025,49.2,39.7
4027,65.3,56.7
5001,57,49.1
5003,50.4,43.6
5005,48.2,42
5007,52.4,44.3
5009,38.4,32.3
5011,58,49.9
5013,36,31.6
5015,46.2,38.5
5017,56.5,48.1
5019,49.9,43.4
5021,45.6,40.3
5023,44.9,39.1
5025,53.6,46.1
5027,48.9,40.8
5029,53.5,47.5
5031,45.4,37.5
5033,46.2,39.7
5035,44.3,36.4
5037,52.4,44.7
5039,57.1,50.2
5041,61.2,50.8
5043,49.1,42.1
5045,48.6,42.6
5047,48.7,43.1
5049,32.6,28.2
5051,47.1,39.5
5053,46.5,39.9
5055,43.5,37.5
5057,36.3,28.5
5059,43.3,37.9
5061,53.5,45.8
5063,40.6,34.8
5065,38.3,32.9
5067,39,33.2
5069,46.5,35.7
5071,50.2,42.1
5073,39.7,34.1
5075,47.4,39.2
5077,35.1,28.7
5079,36,30.5
5081,31.4,26.4
5083,46.9,40.7
5085,48.1,41.7
5087,44,37.3
5089,37.1,31.1
5091,16.2,12.5
5093,41,34.5
5095,58.7,47.9
5097,37.7,32.7
5099,45.6,34.6
5101,35.5,29
5103,54.1,47.1
5105,52.8,46.3
5107,50.1,42.5
5109,45.7,36.9
5111,46.3,37.8
5113,37.1,30
5115,49.7,43.5
5117,45.8,37.4
5119,57.4,49.5
5121,42.2,34.3
5123,50.2,42.9
5125,49.5,42.9
5127,48.6,40.3
5129,40.1,34.8
5131,50,42.3
5133,43.4,37.2
5135,40.6,33.9
5137,37.3,32.7
5139,51.7,41
5141,42.6,38.1
5143,55.5,46.5
5145,45.9,39.4
5147,57.9,50.7
5149,47.4,42.2
6001,77.9,69.7
6003,0,0
6005,66.3,47.2
6007,52.1,45.8
6009,69.4,52.1
6011,57.9,49.9
6013,75.5,69.6
6015,42.1,35.8
6017,61.1,55
6019,58.7,50
6021,52.6,45.9
6023,64,56.9
6025,82.7,67.5
6027,0,0
6029,50.1,42.3
6031,45.2,36.6
6033,58.4,51
6035,35.3,31.1
6037,68.9,60.1
6039,52.7,43.8
6041,84.8,77.1
6043,0,0
6045,67,58.4
6047,55.2,40.9
6049,0,0
6051,0,0
6053,68.5,58.5
6055,76.6,66.6
6057,62.7,55.2
6059,69.6,61.7
6061,63.7,57.8
6063,0,0
6065,56.5,49.1
6067,63.5,56.6
6069,62,53.9
6071,54.6,47.5
6073,99.6,50.1
6075,82.3,73.7
6077,67.8,50
6079,59.8,52
6081,80.3,71.8
6083,68.4,60
6085,81.4,74.3
6087,76.5,68.4
6089,50,41.6
6091,0,0
6093,53.3,46.6
6095,68.1,55.8
6097,75.8,67.2
6099,68.1,46.7
6101,58.2,49.6
6103,40.2,34.2
6105,0,0
6107,50.2,42.4
6109,64.4,51.4
6111,69.6,61.7
6113,66.9,59.3
6115,51.6,42.2
8001,62.2,57.4
8003,53.3,48.3
8005,62,57.8
8007,55.9,51
8009,37,35.3
8011,24,22
8013,73.3,68.5
8014,74.4,70.4
8015,61.3,56.8
8017,30.4,28.3
8019,46.6,43.5
8021,45.1,41.5
8023,54.3,53.7
8025,20.2,18.6
8027,45.4,42.4
8029,46,41.6
8031,70.8,65.3
8033,40.7,36.6
8035,67.6,63.2
8037,78.7,71
8039,34.7,32
8041,59.4,53.1
8043,42,37.3
8045,60.8,54.8
8047,57,52.2
8049,62.9,55.4
8051,66.7,60.8
8053,55.9,51.6
8055,51.5,47.8
8057,41,39.4
8059,73.3,68
8061,35,33.2
8063,36,33.4
8065,58.9,52.4
8067,68.2,63
8069,64.2,59.6
8071,57.9,53.5
8073,33.2,31
8075,35.1,32
8077,47.4,42.9
8079,73.2,70
8081,41.2,36.5
8083,61.7,53
8085,46.3,41.2
8087,44.6,39.5
8089,44.6,41.2
8091,63.2,57.1
8093,45.3,42.5
8095,50.6,44.1
8097,88,69.8
8099,40.2,35.9
8101,52.9,47.9
8103,38.3,33.4
8105,59.2,53.9
8107,73.1,67.2
8109,32.9,30.9
8111,94,85.7
8113,82.2,73.3
8115,49.2,45.2
8117,83.3,74.9
8119,50.6,48.2
8121,29.2,25.9
8123,55.9,51.2
8125,41.7,36.7
9001,80.2,70.8
9003,73,66.3
9005,74.2,68.1
9007,81.2,74.7
9009,75.3,67.8
9011,75.8,69.7
9013,64.4,60
9015,61.5,56.3
10001,52.5,45.9
10003,67,57.9
10005,66.4,58.1
11001,68.6,57.6
12001,65.7,58.8
12003,37.9,30.1
12005,51.5,43.3
12007,44.9,37.1
12009,64.5,56.2
12011,73,61.5
12013,36.9,30.7
12015,70.3,58.4
12017,57.4,51
12019,50.4,42.6
12021,71.6,62.6
12023,43.1,36.9
12027,49.1,39.2
12029,39.5,30.1
12031,60.4,52.5
12033,54.2,46.3
12035,64,56.5
12037,48.7,42.8
12039,58.3,51.3
12041,38,32.2
12043,33.6,29.3
12045,52.5,44.9
12047,37.4,31.8
12049,41,36
12051,48.8,40.8
12053,54.3,48
12055,56.7,44.9
12057,62.5,52.3
12059,31.5,25.5
12061,71.6,59.4
12063,44.5,36.3
12065,65.1,53.3
12067,40.2,34.7
12069,66.5,58.6
12071,62.9,54.8
12073,57.1,50.1
12075,48.6,41
12077,36.2,31.2
12079,46.9,37.6
12081,62.2,53.9
12083,56.6,50.4
12085,66,56.8
12086,87.3,73
12087,80.8,68
12089,57.5,51.3
12091,59,48.8
12093,47,40.6
12095,69.2,59.5
12097,73.1,61.4
12099,67,58.5
12101,58.2,51
12103,64.5,57.6
12105,56.7,48.6
12107,43,35.1
12109,67.7,62
12111,58.9,50.5
12113,51.7,43.2
12115,73.8,62.8
12117,59.9,54.4
12119,82,74
12121,39.4,33.2
12123,42.9,34.5
12125,47.7,31.9
12127,60.2,53
12129,48.9,39.7
12131,49.2,41
12133,35.2,27.9
13001,16,12.9
13003,19.8,16
13005,13.6,11.8
13007,37.4,32.3
13009,15.4,12.9
13011,14.8,12.9
13013,19.1,18.2
13015,17.3,15
13017,15,12.7
13019,19.1,17.6
13021,28.3,22.5
13023,12.7,10.3
13025,14.6,11.4
13027,34.9,29.9
13029,37.2,31.7
13031,29.9,25
13033,46.2,38.8
13035,14.7,12.7
13037,23.3,19.3
13039,46.2,40.8
13043,20.8,18.2
13045,24.2,21.1
13047,20.1,16.4
13049,13.2,11.3
13051,48.6,42.4
13053,125,92.9
13055,14.8,12.8
13057,31.9,28.7
13059,23.3,22.1
13061,40.4,32
13063,22.5,19.1
13065,36,30.2
13067,42.7,37.5
13069,32,26.6
13071,22.6,19.3
13073,28.2,25.1
13075,39.8,34
13077,29.7,25.8
13079,20,16.8
13081,20.3,17.2
13083,24.6,19.5
13085,13.3,11.5
13087,42.7,36.6
13089,35.1,30.4
13091,12.6,10
13093,20.3,16.2
13095,24.1,21.8
13097,30.8,26.7
13099,21.7,18.5
13101,17.1,13.9
13103,24.6,21
13105,20.4,18
13107,32.8,27.2
13109,23.1,20
13111,21.9,19.6
13113,36,32.9
13115,17.5,16
13117,22.9,21.6
13119,14.3,13
13121,31.9,28.3
13123,13.7,12.4
13125,14.7,12.9
13127,50.3,43.4
13129,14.6,14.2
13131,21,17.9
13133,43.8,38.8
13135,33.3,29.6
13137,19.8,17.5
13139,32,28.1
13141,14.8,12.2
13143,15.4,13.5
13145,21.4,19.4
13147,29.5,25.6
13149,13.2,12.3
13151,22.2,19.7
13153,42.6,33.3
13155,15.4,13.5
13157,25.7,23.2
13159,17.4,15.1
13161,12.6,10.3
13163,33.7,29.7
13165,23.9,20.2
13167,18.5,13.7
13169,26.6,22.2
13171,15,12.6
13173,12.8,10.9
13175,27.3,22.8
13177,18.2,16.7
13179,45.7,38.6
13181,21.2,18.1
13183,8.23,6.61
13185,28.4,25.4
13187,9.95,9.7
13189,20.1,17.3
13191,38.6,34
13193,20.7,17.3
13195,23,21
13197,18.1,15.2
13199,26.2,22.3
13201,24.1,20.4
13205,22.6,19.4
13207,12.9,10.9
13209,24.9,20.7
13211,23.7,22
13213,16,14
13215,36.9,30.9
13217,18.4,16.4
13219,26.8,26.4
13221,28.3,25.5
13223,21,18.8
13225,16.2,12.9
13227,15.1,13.5
13229,27.9,23.6
13231,15.1,13.4
13233,15.7,12.9
13235,17.4,13.5
13237,14.3,12.1
13239,14.1,11
13241,28.6,25.5
13243,21.6,16.1
13245,37.1,31.8
13247,18.4,16.7
13249,NA,16.9
13251,39.5,33.8
13253,19.4,15.8
13255,16.4,14.5
13257,13.8,12.3
13259,20.6,17.8
13261,41.4,36.2
13263,31.5,27
13265,22.3,19.3
13267,15,13
13269,31.8,26.7
13271,20.1,17
13273,27.3,23.6
13275,26.5,22.8
13277,23.9,19.9
13279,22.4,19.2
13281,12.8,11
13283,19,14.3
13285,21.3,19.5
13287,23.7,20.2
13289,15,11.5
13291,14.2,12.3
13293,39.5,34.4
13295,26.5,21.9
13297,24.2,21.6
13299,26.7,22.2
13301,19.4,16.1
13303,17.1,13.7
13305,34.4,28.6
13307,20.4,17.9
13309,12,9.57
13311,11.6,10.3
13313,24,20.8
13315,16.1,12.8
13317,17.9,16.5
13319,24.6,20.3
13321,18.2,15.9
16001,55.8,50.6
16003,41.2,37
16005,45.9,40.6
16007,41.6,37.9
16009,47,41.6
16011,41.4,36.7
16013,74.5,66.8
16015,32.2,27.6
16017,40.3,36
16019,45.2,40.2
16021,31.4,28.6
16023,42.6,37.2
16025,39.8,35.3
16027,40,34.8
16029,34.4,31.4
16031,34.4,29.2
16033,35.5,32
16035,40.1,36.2
16037,43.4,39
16039,51.8,36.4
16041,38.6,34.3
16043,40.3,35.4
16045,37.9,32.8
16047,38.3,33.3
16049,28.2,25.4
16051,35.9,31.3
16053,38.8,33.4
16055,42.6,37
16057,53,47.9
16059,43.8,39.5
16061,46.7,41
16063,36.8,32
16065,48.8,40.9
16067,35.7,31.4
16069,49.9,44.5
16071,38.9,34.2
16073,31,26.2
16075,29.7,26.2
16077,44.8,40.6
16079,40.6,36.6
16081,58.5,52
16083,43.1,38.1
16085,57.1,51.6
16087,38.4,33.6
17001,54.1,44.7
17003,32.8,25.3
17005,53.9,44.5
17007,61.5,47.6
17009,37.1,30.9
17011,61.3,45.6
17013,51.3,46.6
17015,61.2,53
17017,57.7,49.7
17019,66.2,53.5
17021,48,39.4
17023,50.5,37.5
17025,39.3,32.3
17027,55.1,45.9
17029,46.6,37.8
17031,72.1,56.1
17033,49.4,42.5
17035,40.5,30.5
17037,58.5,44.1
17039,52.5,43.8
17041,48.1,39.7
17043,76.6,61.5
17045,48.9,37.9
17047,39.5,34
17049,51.5,38
17051,35.6,26.8
17053,56.7,46.1
17055,46.8,35.8
17057,55,44.4
17059,55.2,44.7
17061,42.3,36.3
17063,61.1,43.8
17065,39.6,32.7
17067,49,40.1
17069,43.7,35.4
17071,48,40.7
17073,59.2,49.2
17075,49.1,41.8
17077,55.9,41
17079,47.2,31.4
17081,44.6,35.2
17083,56,47.9
17085,79.4,67
17087,43.3,33
17089,67.8,51.8
17091,50.5,40.8
17093,69,52.4
17095,57.9,46.4
17097,75.7,59.2
17099,59.6,45.8
17101,39.2,29.6
17103,55.8,44.9
17105,50.8,37.9
17107,51.9,41.9
17109,51.9,39.7
17111,66.8,52.6
17113,65.4,51.5
17115,53.6,42.6
17117,56,44.8
17119,62.8,48.6
17121,45.1,36.7
17123,58,46.4
17125,54.7,43.2
17127,41.9,31.3
17129,57.4,48.8
17131,60.5,48.2
17133,60.7,50.8
17135,50.9,40.2
17137,55.2,44.5
17139,42,36
17141,57.7,46.4
17143,60.1,50.9
17145,46.7,36.1
17147,56.8,48.4
17149,40.4,34.6
17151,33.9,26.9
17153,43.4,32.2
17155,59.4,47.5
17157,48.6,39.4
17159,46.6,40.1
17161,64.4,47.4
17163,64.1,49.3
17165,49.5,39
17167,65.7,54.8
17169,56.2,49.3
17171,41.5,36.3
17173,40.7,34.6
17175,52.6,45.6
17177,59.3,50.8
17179,58.9,50.1
17181,57,45.7
17183,40.2,32.9
17185,49.1,42.6
17187,50.1,42.5
17189,56.8,47.6
17191,42.3,34.6
17193,50.3,40.7
17195,60.5,47
17197,68.9,53.1
17199,57.6,43.7
17201,58.8,46.3
17203,54.4,46.4
18001,32.4,30.2
18003,50.5,47
18005,56.6,53
18007,39.6,37.9
18009,43.4,40.7
18011,66.5,62.9
18013,49,45.7
18015,32.8,30.6
18017,43.8,39.6
18019,59.1,54.2
18021,54.5,50.1
18023,45.8,42.2
18025,36.7,33.3
18027,31.8,29.2
18029,58,53.1
18031,46.2,43.1
18033,41.2,38.4
18035,46.5,43.3
18037,54.7,51
18039,41.1,37.5
18041,37.6,34.5
18043,55.7,51.5
18045,44.9,41.5
18047,35.4,32.5
18049,39,36.3
18051,46.2,42.1
18053,40.8,37.6
18055,39.4,36.3
18057,67.2,63.7
18059,64,60.6
18061,50.1,45.7
18063,68.6,64.2
18065,50.3,46.7
18067,45.8,42.3
18069,48.8,45.8
18071,51.4,47
18073,45.3,41.3
18075,37.5,34.2
18077,53.9,50.5
18079,39.2,35.7
18081,56.5,52.1
18083,48.4,45
18085,39.4,36.6
18087,21.4,20
18089,54,49.5
18091,54,50.3
18093,47.8,44.1
18095,50.2,46.7
18097,53.5,49
18099,43.4,40
18101,45.9,43.2
18103,39.5,36.5
18105,56.9,53.9
18107,44.2,41.1
18109,52.1,48.3
18111,30.3,28.1
18113,37.7,34.8
18115,73.2,67.7
18117,54.1,49.8
18119,41.3,38.6
18121,38.4,35.9
18123,55.5,51.4
18125,56.6,52
18127,54.6,51.1
18129,46.2,42.9
18131,43.7,40.6
18133,41.1,38.3
18135,43.6,39.4
18137,45.7,42.4
18139,45.4,42.2
18141,55.7,52.1
18143,43.3,39.9
18145,55.5,51.2
18147,43.5,40.1
18149,35.5,32.7
18151,45.6,43
18153,48.3,44.3
18155,30.2,27.7
18157,55.1,51.9
18159,44,40.9
18161,47.2,43.6
18163,56.1,52.1
18165,45.3,41.6
18167,48.2,44.7
18169,40.8,37.8
18171,43.5,40.7
18173,60.8,56.7
18175,39.6,36.3
18177,47.3,43.2
18179,40.9,37.9
18181,52.7,49.3
18183,45.9,43.1
19001,47.2,44
19003,51.4,48.2
19005,51,47.3
19007,44.7,41.3
19009,55.6,53.4
19011,54.7,51.5
19013,57.1,52.9
19015,60.3,57.3
19017,56.6,53.5
19019,51,48.3
19021,63.3,58.2
19023,55.2,52.3
19025,56.7,53.3
19027,58.5,55.8
19029,55.6,52.5
19031,56.5,53.7
19033,60.1,56.3
19035,51.5,48.1
19037,51.6,48.7
19039,51.3,48.1
19041,50.3,46.8
19043,46,43.7
19045,52.1,48.2
19047,50.9,47.6
19049,61.1,57.3
19051,34.6,32.6
19053,38.8,36.3
19055,50.5,48
19057,48.9,45.1
19059,56.1,52.5
19061,60.7,57.7
19063,49.4,45.1
19065,52.2,48.9
19067,50.3,47.9
19069,50.9,47.7
19071,49.1,45.8
19073,55.5,51.9
19075,59.2,55.3
19077,56,52.9
19079,58.9,55.7
19081,46.8,44.5
19083,52.5,49.9
19085,50.6,46.3
19087,51.5,47.9
19089,48.8,46.5
19091,47.6,44.4
19093,47.1,43.8
19095,59.3,56.3
19097,50.3,47.8
19099,55.5,51.8
19101,46.4,43
19103,67.9,64.1
19105,55.9,53.1
19107,44.6,41.7
19109,50.4,47.4
19111,48.6,45.2
19113,62.7,58.7
19115,49.1,46.2
19117,43.4,40.7
19119,38.8,36.4
19121,51.5,47.9
19123,41.8,38.7
19125,50.4,47
19127,61.3,56.6
19129,52.6,48.5
19131,46.3,44.3
19133,51.3,48.9
19135,43.9,41.2
19137,54.5,50
19139,56.9,53
19141,48.3,45.5
19143,43.1,40.9
19145,51.3,47.2
19147,48.1,45.5
19149,49.1,46.5
19151,50.4,47.5
19153,63.6,58.3
19155,54.6,50
19157,55.8,52.2
19159,49,46.3
19161,50.1,47.2
19163,58.5,52.3
19165,56.4,53.6
19167,39.6,37.3
19169,59.6,56
19171,59.6,55.4
19173,44.5,42
19175,49.2,45.7
19177,40.1,37.2
19179,46.6,43.4
19181,56.5,52.4
19183,54.3,51
19185,40,37.4
19187,55.5,51.1
19189,50.1,46.8
19191,58.6,55.5
19193,53.4,48.7
19195,49.3,46.5
19197,54,51.2
20001,43.5,39
20003,41.9,37.4
20005,43.4,39
20007,46.1,41.4
20009,41.7,37.4
20011,35.6,32.6
20013,56.9,52.4
20015,46,40.7
20017,42.4,39.7
20019,40.2,36.3
20021,44.8,40
20023,44.1,39.7
20025,45.2,41.7
20027,54.1,50.3
20029,45.7,41.3
20031,50.9,45.9
20033,45.7,41.7
20035,46,41.2
20037,46.1,41.8
20039,38.5,35.4
20041,50.4,46.3
20043,46.3,42.1
20045,68.6,53.7
20047,45.7,41.9
20049,32.5,29.4
20051,49.1,43.5
20053,52.3,49
20055,49.9,36
20057,42.1,36
20059,49.4,44.1
20061,76.4,56.2
20063,49,43.3
20065,68.5,66.1
20067,44.6,40.3
20069,43.4,38.2
20071,47.8,45.5
20073,47.3,44.2
20075,36.3,33
20077,45.1,41.2
20079,44.4,40
20081,36.8,32.4
20083,44.4,40.4
20085,60.5,56.1
20087,52.5,47.6
20089,43.4,40.9
20091,74.7,64
20093,51.1,44.8
20095,45.5,41.9
20097,48.9,44.3
20099,47.9,43.7
20101,41.2,37.4
20103,58.9,52.1
20105,42.3,39.4
20107,34.8,31.3
20109,45.2,41.6
20111,54.3,49.8
20113,51.7,47.1
20115,47.2,42.1
20117,59.9,56
20119,43.6,34.2
20121,46.2,41.7
20123,51.6,48.5
20125,44.9,39.3
20127,54,49.2
20129,38.5,34.2
20131,50.3,47.7
20133,27.5,22.9
20135,51.3,45.2
20137,48.2,47
20139,49.1,44.4
20141,41.1,37.5
20143,39.3,35.9
20145,50.5,47.1
20147,42.3,39
20149,38,34.2
20151,48.2,42.9
20153,41.2,37.5
20155,48.7,44.1
20157,48.4,45.7
20159,42.3,38.3
20161,36.2,33.5
20163,46.2,42.9
20165,49.8,45.2
20167,42,37.8
20169,47.5,43.1
20171,44.9,40.9
20173,53.2,43.5
20175,51.6,38.2
20177,58.9,53.3
20179,35,31.7
20181,41.8,38.4
20183,43.3,40.4
20185,43.7,39.2
20187,48.1,42.9
20189,35,29.8
20191,41.2,37.2
20193,40,36.7
20195,38,35.6
20197,44.7,41.6
20199,34.6,33.4
20201,49.7,46.2
20203,47.5,44.1
20205,41.3,38
20207,42.3,37.4
20209,53.5,46.8
21001,38.9,34.3
21003,41,36.9
21005,64.4,55.2
21007,36.1,31.9
21009,45.6,40.1
21011,54.4,47.8
21013,48,40.9
21015,72.5,63.3
21017,58.5,51.1
21019,48.5,39.1
21021,62.1,54.1
21023,47.2,43
21025,50.9,43.4
21027,42.8,37.9
21029,49.7,43.2
21031,44.9,40.9
21033,50.7,44.7
21035,48.1,42.2
21037,74.7,65.8
21039,40,35.7
21041,50.1,43.7
21043,48,40.1
21045,36.3,30.8
21047,33.4,29.2
21049,58.2,51.3
21051,43.4,37.3
21053,40,33.9
21055,40.1,35
21057,42,37.8
21059,55,49.5
21061,37.1,33.4
21063,34.5,29.8
21065,50.3,44.1
21067,74.8,63.4
21069,50.4,44.3
21071,56.8,49.6
21073,78.4,69.4
21075,57.7,49.1
21077,42.5,38.1
21079,49.3,43.4
21081,51.3,45.7
21083,44.5,39
21085,50.3,43.6
21087,42.4,37.5
21089,52.7,43.4
21091,59,52.9
21093,64.5,55.3
21095,45.9,38.8
21097,48.3,42.6
21099,35.6,30.8
21101,49.3,43.9
21103,57.6,51.2
21105,35.9,32.1
21107,51.6,46
21109,34.9,30.3
21111,68.8,59.3
21113,58.3,50.4
21115,50.2,42.5
21117,69.2,61.5
21119,47.6,41.7
21121,35.7,31.3
21123,45.7,41
21125,41,36.3
21127,46.1,38.7
21129,48.1,42.8
21131,53.2,44.8
21133,52,46.1
21135,36.6,32.4
21137,42.2,37.1
21139,49.2,43.1
21141,52,45.9
21143,58.4,52.6
21145,56.1,49.2
21147,42,36.4
21149,49.3,44.9
21151,51.2,44.9
21153,50.2,43.4
21155,53.7,48.1
21157,54.6,47.8
21159,54.4,45.5
21161,51.8,46.6
21163,42.2,37.1
21165,45.2,40.3
21167,58.7,51.2
21169,38.9,33.8
21171,45.4,39.7
21173,49.9,44.3
21175,47.2,42.6
21177,50.2,44.7
21179,61.2,52
21181,52,46.7
21183,39.4,34.5
21185,60.6,53.9
21187,37.7,33.7
21189,44.4,39.5
21191,45.3,40.7
21193,62.3,53.6
21195,52.4,45.9
21197,53.4,46.8
21199,50.3,42.4
21201,36.9,34.2
21203,38.1,32.6
21205,52,45.7
21207,47.3,41.2
21209,66.7,57
21211,52.2,45.8
21213,51.8,46.3
21215,33,27.9
21217,53.8,46.7
21219,41.1,35.3
21221,47.2,41.3
21223,45.4,40.2
21225,39.8,35.4
21227,46.9,41.8
21229,54,47.6
21231,41.9,35.2
21233,46.3,40.6
21235,44.1,38.5
21237,53,46.1
21239,78.7,67.2
22001,51.6,46
22003,34.9,31.1
22005,49.1,43.7
22007,42.7,37.3
22009,45.6,39.1
22011,33.7,28.4
22013,46.5,41
22015,47.2,39.8
22017,47.5,41.1
22019,41.5,36.1
22021,37.5,33.3
22023,17.2,15.6
22025,40.8,35
22027,39.6,36
22029,41,34.7
22031,40.4,35.6
22033,54.8,48.7
22035,43.2,38.9
22037,39.5,35.7
22039,37.4,32.9
22041,36.2,32.2
22043,40.7,36.8
22045,45.4,39.8
22047,54.5,48.5
22049,40,36.2
22051,64.6,56.6
22053,35.2,31.6
22055,49.1,43.7
22057,44.4,38.7
22059,39.9,35.9
22061,41.7,37
22063,39.5,34.3
22065,42.7,36.4
22067,45.4,38.8
22069,41.3,36.7
22071,68.1,60
22073,44.1,38.9
22075,59.6,52.1
22077,53.6,48.9
22079,48.6,42.4
22081,35.8,31.2
22083,41.9,37.7
22085,37.2,31.5
22087,47.3,40.8
22089,54.8,48
22091,30.6,26.8
22093,53.7,44
22095,58.7,50.4
22097,40.5,35.7
22099,39.2,35.1
22101,44.7,39
22103,55.7,50
22105,46,39.9
22107,62.5,54.3
22109,45.7,38.5
22111,43.6,40
22113,37.7,32.9
22115,49.7,42.6
22117,41.3,36
22119,42.1,37.1
22121,52.5,46.9
22123,40.7,36.4
22125,88.7,80.2
22127,43.3,39
23001,64.8,59.7
23003,64.2,60.2
23005,80.5,76
23007,59.1,55.9
23009,72.6,67.7
23011,67.3,61.7
23013,78.3,73.7
23015,76.2,71.2
23017,63.9,58.6
23019,66.7,61.9
23021,59,55.1
23023,72.6,68.5
23025,57.6,53.5
23027,67.3,62.5
23029,66.4,62.1
23031,75.8,69.9
24001,52.7,48
24003,73,66.9
24005,67.8,62.6
24009,65,59.6
24011,54.6,50.7
24013,69,64.7
24015,56.7,50.6
24017,62.9,57
24019,57.9,52.5
24021,71.4,66
24023,48.2,43.4
24025,66.7,61.9
24027,79,73.7
24029,66.7,61
24031,83.7,75.9
24033,69.4,61.1
24035,63.6,58.9
24037,62.5,57.3
24039,49.5,43.5
24041,71.8,66.4
24043,55.3,50.6
24045,53.4,48.7
24047,70.4,63.9
24510,61.5,55.1
25001,6.37,5.02
25003,56.4,49.7
25005,62.9,56.2
25007,4.3,3.59
25009,71,63.8
25011,67.2,59.3
25013,64.2,56.2
25015,65.1,58.1
25017,76.7,69.3
25019,1.97,1.28
25021,75.3,68.3
25023,67.8,60.1
25025,72,63.4
25027,68.1,60
26001,51.3,50.9
26003,60.2,56.4
26005,NA,44.6
26007,48,46.5
26009,52,52
26011,46.8,44.9
26013,54.2,51.3
26015,NA,41.7
26017,51,50.2
26019,60,58.3
26021,50.5,48.3
26023,39.9,39
26025,44.4,43.8
26027,39.5,37.3
26029,NA,57.7
26031,49.7,45.9
26033,65.9,61.7
26035,NA,39.4
26037,NA,49.5
26039,45.5,43.6
26041,56.3,54.9
26043,61.2,59.1
26045,49.1,48.8
26047,65,64.6
26049,44.5,43.3
26051,NA,41.7
26053,57.5,56
26055,61.2,59.7
26057,NA,38.9
26059,34,33.4
26061,46.6,45.2
26063,48.4,47.6
26065,50.4,49.9
26067,40.2,40
26069,50.9,48.8
26071,51.6,49.9
26073,39.1,38.1
26075,NA,45.5
26077,NA,53.2
26079,42.7,41.8
26081,NA,52.8
26083,53.2,49.9
26085,52.1,51.6
26087,42.3,40.7
26089,76.2,73.4
26091,47.1,46
26093,NA,52.9
26095,42,39.4
26097,71.5,65.8
26099,50.3,50
26101,53.1,51.7
26103,59.5,57.7
26105,NA,53.3
26107,NA,35.1
26109,67,62.8
26111,50.9,50.7
26113,41.8,41.3
26115,50.9,49.2
26117,NA,35.7
26119,49,46.8
26121,NA,47.2
26123,NA,37.4
26125,59.2,58.8
26127,NA,46.1
26129,39.6,39.2
26131,64.4,62.1
26133,35.7,35.4
26135,39.4,37.5
26137,50.1,49.4
26139,NA,49.7
26141,54.5,53.4
26143,50.3,48.9
26145,46.3,46.1
26147,44.5,43.8
26149,39.2,38.7
26151,38.4,37.8
26153,49.4,45.2
26155,45.6,44.2
26157,40.5,39.2
26159,NA,48.3
26161,NA,63
26163,48.3,46.1
26165,44.3,42.9
27001,56.7,53.1
27003,53.4,49.5
27005,51.1,47
27007,59.7,50.3
27009,37.7,34
27011,60.6,57.3
27013,56.5,52.7
27015,61.3,57.6
27017,59.7,54.9
27019,61,56.1
27021,50.6,44.6
27023,49.2,44.5
27025,53.4,49
27027,38,33.1
27029,40,36.6
27031,76.8,71.1
27033,52.1,48.2
27035,53.4,49.4
27037,63.5,58.9
27039,54.5,50.7
27041,53.9,50
27043,53.8,49.6
27045,62.8,58.2
27047,52.9,49.3
27049,61.8,57.4
27051,51.3,48.5
27053,68.8,63.4
27055,47,38
27057,43.9,40.6
27059,40,35.1
27061,53.1,48.4
27063,46.6,42.6
27065,39.4,35.7
27067,49.9,44.8
27069,51.8,47.3
27071,55.7,51.9
27073,53.7,51.6
27075,62.2,59
27077,52.4,49.4
27079,44.3,41.6
27081,48.4,43.1
27083,52.6,48.4
27085,53.8,48.4
27087,57.4,52
27089,43.7,38.5
27091,51.9,48.4
27093,44.6,40.7
27095,54.6,49.6
27097,47.2,40.9
27099,56.8,53.3
27101,50.8,46
27103,57.9,54.4
27105,55,50.6
27107,52.5,47.7
27109,69.7,65.2
27111,46.7,42.6
27113,46.5,44.5
27115,45.9,41.4
27117,50.8,47.1
27119,38.6,34.9
27121,52.9,49.7
27123,66.2,60.7
27125,53.1,47.1
27127,49.7,45.7
27129,51.6,46.8
27131,59.4,55.4
27133,50.9,46
27135,48.7,45.2
27137,63.2,57.5
27139,63.5,58.6
27141,41.3,37.8
27143,44.8,40.3
27145,54.3,48.7
27147,56.1,52.7
27149,52.8,49.3
27151,54,49.4
27153,38.6,36
27155,57.2,53.5
27157,69.2,62.7
27159,47.3,42.2
27161,53.1,49.8
27163,63.6,58.7
27165,52.7,49.2
27167,33.3,28.3
27169,58.3,52.6
27171,49.5,45.9
27173,54.2,49.2
28001,53.7,45.9
28003,38.6,33.4
28005,38.6,33.9
28007,53.3,46.1
28009,50.3,43.5
28011,58.3,51.2
28013,43.8,36.7
28015,40.8,36
28017,48.3,42.7
28019,35.4,30.9
28021,53.8,46.4
28023,56,48
28025,45.4,40.3
28027,49.8,43.1
28029,53.3,46.4
28031,51.1,43.8
28033,52.2,44.5
28035,41.5,35.7
28037,47.2,41.7
28039,39.5,33.9
28041,36.8,32.4
28043,52.3,46.1
28045,40.3,34.4
28047,54.2,45.5
28049,56.6,50
28051,57.7,50.6
28053,59,49
28055,35.7,32.1
28057,34.8,31
28059,44.9,38.6
28061,49.9,42.4
28063,69.1,59.8
28065,43.3,38.3
28067,43,36.4
28069,44.1,39.2
28071,53.5,48.8
28073,58.1,51.7
28075,50.9,44.4
28077,55.3,48.2
28079,46.9,40.6
28081,43.2,38.5
28083,62.1,53.8
28085,39.1,33.6
28087,50,43.6
28089,62.5,56.4
28091,44.9,38.9
28093,52.7,44.6
28095,50.1,44.6
28097,54.7,49
28099,40.4,34.1
28101,52.2,45.2
28103,54.4,48.7
28105,50.6,45.9
28107,45.7,39.4
28109,46,38.7
28111,36.8,31.7
28113,49.8,42.8
28115,41.7,36.7
28117,42.8,37.9
28119,52.2,43.6
28121,50.9,45.5
28123,49.8,43
28125,54.6,48
28127,45,38.9
28129,34.4,29.3
28131,45.6,38.6
28133,52.6,45.8
28135,41.3,36
28137,43.5,37.5
28139,42.3,36.6
28141,39.5,33.9
28143,49.7,42.4
28145,38.8,34.6
28147,40.1,34.8
28149,56.6,50
28151,49.2,42.2
28153,39.2,33.3
28155,47.8,42.7
28157,62.4,55.7
28159,47.5,42.6
28161,65.5,57.8
28163,47.8,42.4
29001,44.2,39.8
29003,35.1,32
29005,54.4,50.1
29007,37.4,32.9
29009,45,38.9
29011,33.9,30.1
29013,38.1,34.2
29015,47.2,42.5
29017,32.9,29.3
29019,61,54.3
29021,37.5,33.1
29023,34.8,29.7
29025,37.7,34.2
29027,46.5,41.6
29029,44.7,40.4
29031,47.6,42.2
29033,48.1,44
29035,34.1,28.9
29037,49.9,44
29039,32,28.5
29041,37.3,33.4
29043,45.7,40.8
29045,30,26.8
29047,51.2,46.1
29049,46.2,41.2
29051,52.7,47.4
29053,42.2,37.8
29055,32.8,29.1
29057,43.7,39.5
29059,35.8,31.6
29061,30.8,28.1
29063,27.3,25.1
29065,31.2,27
29067,24.1,21.3
29069,37.3,31.4
29071,53.6,48.7
29073,50.8,46.8
29075,41.8,38.8
29077,48.6,43.6
29079,35,31.3
29081,33.8,29.5
29083,45.2,39.8
29085,38.8,34.8
29087,40.6,36.9
29089,43.6,38.6
29091,33.4,28.5
29093,38.1,33.6
29095,55.9,47.5
29097,47.4,42
29099,44.2,38.2
29101,41.9,34.3
29103,38.7,36.3
29105,37.5,32.8
29107,45.1,40.3
29109,38,33.6
29111,36.3,30.5
29113,38.1,34.2
29115,46.1,41.1
29117,43.5,38.9
29119,34,26.7
29121,38.9,36
29123,39,33.4
29125,37.5,33.9
29127,41,37.6
29129,34.8,30.9
29131,33.4,29.5
29133,44,37.4
29135,35.7,32.2
29137,44.1,39.5
29139,48.8,43.7
29141,37.6,33.7
29143,33.6,28.9
29145,26,22.6
29147,46.8,43.4
29149,30.9,27.2
29151,39.1,35.7
29153,32.6,27.2
29155,33.5,24.1
29157,38.8,34.9
29159,42.3,37.1
29161,43,38.5
29163,37.8,33.8
29165,54.3,48.3
29167,39.3,34.9
29169,63.2,54
29171,31.8,29.5
29173,27.9,25.6
29175,38.4,32.5
29177,38.4,34.7
29179,26.1,22.1
29181,29.5,25.1
29183,59.2,53.7
29185,34.5,30.5
29186,44.1,40.2
29187,43.4,37.5
29189,62.2,54.7
29195,46.5,41.6
29197,27.5,25.1
29199,26.7,23.2
29201,44.1,38.6
29203,29.3,27.2
29205,45.9,42.5
29207,39.8,34.8
29209,38,34.3
29211,42.9,38.5
29213,41.7,35.8
29215,32.6,28.9
29217,34.5,30.8
29219,40.8,37
29221,32.3,27.3
29223,37.1,32
29225,42.8,38.2
29227,39.8,35.9
29229,37.1,32.3
29510,57.3,48.3
30001,51.3,48
30003,81.4,66.7
30005,80.7,70.3
30007,35.3,28.5
30009,45.8,42.7
30011,29,26.8
30013,51.9,46.6
30015,30.4,26.7
30017,41,37.3
30019,39.3,35.9
30021,36,33.4
30023,55,51.7
30025,32,29.4
30027,44.8,40.8
30029,40.8,36.4
30031,59.6,50.9
30033,19.4,17.2
30035,97.8,70.1
30037,43.4,39
30039,37.2,32.8
30041,59.3,50.7
30043,48.1,43.5
30045,36.6,33.9
30047,55.2,49.7
30049,57.2,52
30051,30.4,30.2
30053,33.8,30.5
30055,16.6,16.2
30057,43.9,39.7
30059,48.2,44.7
30061,53.9,47.8
30063,61.3,57.5
30065,33.3,30.4
30067,60.5,51.1
30069,29.6,27.7
30071,41.7,37.3
30073,54.6,46.3
30075,20.6,19.1
30077,43.8,40.1
30079,36.2,33.1
30081,47.3,43.2
30083,35.1,32.3
30085,62.1,51.8
30087,80.6,66.7
30089,36.2,34.1
30091,44.9,42.1
30093,59.1,55
30095,40.9,37.2
30097,38.3,35.9
30099,41.5,35.2
30101,41.9,38.6
30103,45.7,40.7
30105,42.1,39
30107,33.2,31
30109,27.2,23.9
30111,49.9,44.8
31001,NA,37
31003,NA,33.6
31005,NA,16.6
31007,NA,25
31009,NA,22.2
31011,NA,44.8
31013,NA,27.4
31015,NA,30.7
31017,33.4,31.9
31019,NA,35
31021,NA,51.4
31023,NA,45.2
31025,54.8,52
31027,NA,37.1
31029,NA,27.7
31031,31.9,29.8
31033,38.5,37.5
31035,NA,37.3
31037,41.1,39.4
31039,NA,46.3
31041,34,33.7
31043,57.3,54.2
31045,NA,33.5
31047,40.6,39.8
31049,NA,29.2
31051,NA,38
31053,NA,46.3
31055,59.9,56.8
31057,36.5,33.2
31059,NA,46.9
31061,NA,34.3
31063,NA,23.6
31065,NA,38.4
31067,NA,37.4
31069,NA,40.7
31071,NA,26.6
31073,NA,34.3
31075,NA,17.3
31077,NA,36.1
31079,NA,40.7
31081,NA,40
31083,36.4,36.4
31085,NA,21
31087,NA,29.8
31089,NA,37.1
31091,NA,37.7
31093,NA,38.2
31095,49.5,49.1
31097,NA,48.5
31099,42,41.7
31101,NA,31.8
31103,26.1,25.8
31105,NA,31.4
31107,NA,43.9
31109,62,59
31111,NA,26.8
31113,NA,17.9
31115,25.3,25.3
31117,NA,11.9
31119,NA,39.9
31121,39.4,38
31123,31.3,30.8
31125,NA,26.2
31127,NA,44.4
31129,45.3,44.8
31131,NA,49
31133,40,39
31135,34.7,34.5
31137,NA,33.7
31139,NA,33.8
31141,NA,40.1
31143,NA,36.4
31145,NA,32.3
31147,46.6,46.3
31149,NA,32
31151,NA,44.3
31153,57.7,54.7
31155,NA,45.9
31157,NA,34.9
31159,NA,44.7
31161,NA,28
31163,NA,35.9
31165,NA,21.9
31167,NA,24.5
31169,NA,41.5
31171,NA,21.9
31173,62.5,55.5
31175,NA,28.9
31177,50.6,49.1
31179,NA,36.6
31181,NA,34.8
31183,NA,27.2
31185,NA,46.6
32001,47.4,41.1
32003,58.1,48
32005,51.8,46.6
32007,40.7,33.9
32009,44.1,35.9
32011,26.9,23
32013,40.2,35.4
32015,37.5,32.7
32017,36.1,32.8
32019,40.9,35.8
32021,55.2,49.1
32023,45.1,40
32027,36.9,31.6
32029,20.3,18.2
32031,63.1,56.3
32033,51.1,45.8
32510,63,56.7
33001,64,55.6
33003,72.9,63.4
33005,62.9,55.9
33007,63.1,55.8
33009,76.4,67.1
33011,64.6,55.8
33013,70.3,62.1
33015,67.7,58.8
33017,63.9,55
33019,63.7,56.1
34001,65.2,56.7
34003,75.6,67.5
34005,71.5,64.5
34007,65.7,58
34009,72.2,65.1
34011,53.6,42.3
34013,69.6,59.4
34015,62,53.4
34017,75.8,64.9
34019,71.1,61.2
34021,70.6,59.8
34023,71.6,62.6
34025,68,59.4
34027,76,68.8
34029,54.6,47.8
34031,68.4,59.2
34033,56.2,46.8
34035,75,65.7
34037,62.7,55.3
34039,69.7,59.9
34041,67.5,58.9
35001,56.3,54
35003,NA,30.1
35005,35.8,34.5
35006,57.5,56.5
35007,NA,39.5
35009,35.4,32.4
35011,NA,36.2
35013,57.4,53.6
35015,36.7,34.2
35017,NA,54.1
35019,34.3,32.1
35021,NA,36.8
35023,NA,43
35025,28.8,27.5
35027,NA,39.7
35028,NA,67.5
35029,NA,54.6
35031,109,92.9
35033,NA,45.1
35035,45.9,43.4
35037,NA,32.2
35039,65.5,65
35041,NA,27.2
35043,62,60.3
35045,67.6,65.4
35047,NA,44.8
35049,66.7,62.3
35051,NA,46.9
35053,NA,53.3
35055,62.9,61.1
35057,38.8,38
35059,NA,21.8
35061,47.4,46.6
36001,69.9,65.8
36003,40.2,37.4
36005,66.8,57.1
36007,60,56.5
36009,52.7,48.2
36011,55.7,52.5
36013,56.1,51
36015,56,51.6
36017,57.5,53.9
36019,67.7,64.3
36021,71.5,65.8
36023,55.8,52.5
36025,55,50.9
36027,66.6,60.8
36029,65.3,60.6
36031,67.4,64
36033,59.7,56.2
36035,50.7,47.5
36037,56.6,52.7
36039,60.1,54.9
36041,84.4,77.9
36043,55.5,51.8
36045,71.1,60.4
36047,64.8,56.5
36049,47.9,45.5
36051,56.2,52.9
36053,57.9,54.5
36055,67.3,63.5
36057,62.4,58.5
36059,77.7,69.3
36061,82.8,71.8
36063,62.6,58.3
36065,58.3,54.2
36067,69.2,65.2
36069,64,60.8
36071,62.5,56.7
36073,51.8,48
36075,55.7,52.6
36077,57.7,54.4
36079,69.4,64.1
36081,80.5,71
36083,66.5,62.1
36085,67.5,59.9
36087,60.6,55
36089,56.7,53.7
36091,74.4,70.1
36093,67.6,63.3
36095,53.4,50.5
36097,59.5,56
36099,51,47.9
36101,56.1,51.7
36103,71.4,65.1
36105,57,51.8
36107,57.5,53.1
36109,75.3,70.3
36111,69.1,63.6
36113,73.2,69.2
36115,62.3,58.1
36117,58.4,55
36119,76.1,68.4
36121,47.9,44.9
36123,49.9,46.6
37001,57.6,49.3
37003,44,38.3
37005,61.2,49.6
37007,37.3,26.2
37009,54.8,44.6
37011,55.1,46.3
37013,54.6,47
37015,53.3,40.2
37017,40.7,31.7
37019,66.2,53.4
37021,67.2,56.5
37023,46.2,40.5
37025,55.9,46.3
37027,46.3,40.6
37029,46.5,36.8
37031,49.8,39
37033,50.5,43.9
37035,55,47
37037,59.3,49.7
37039,54,45.9
37041,57.5,43.8
37043,46,34.2
37045,49.3,40.2
37047,45.1,36.7
37049,57.9,49.8
37051,63.2,54
37053,55.8,44.6
37055,75,65
37057,46.6,40.1
37059,56.6,48.3
37061,42.6,35.5
37063,70.4,59.5
37065,46.7,39.9
37067,62.7,52.1
37069,52.4,42.1
37071,49.7,40.7
37073,49.8,41.1
37075,50.2,42.1
37077,58.1,50.3
37079,43.9,35.5
37081,62.4,51.7
37083,52.8,44.5
37085,39.5,32.9
37087,57.5,49.7
37089,56.5,49.7
37091,41.7,29
37093,34.8,27.6
37095,64.9,56.6
37097,53.1,43.3
37099,53.3,45.7
37101,52.2,43.7
37103,49.8,43.2
37105,56.5,47.4
37107,54,44.8
37109,48.1,41
37111,47.5,42
37113,40.7,35.7
37115,49.2,42.7
37117,94.8,82.9
37119,64.5,52.4
37121,50.4,42.2
37123,42.3,35.6
37125,59.3,49.8
37127,57.8,49
37129,65.7,53.4
37131,48.1,40.2
37133,57.8,46.3
37135,76.5,64.7
37137,57.3,48.9
37139,55.8,42
37141,52.4,43.4
37143,38.4,23.3
37145,55,47.9
37147,52.8,45.1
37149,46,39.2
37151,43.2,37.1
37153,47.5,40.4
37155,43.7,34.2
37157,49.8,42.2
37159,44.1,37.1
37161,42.5,34.5
37163,52.4,42.9
37165,46.6,39.4
37167,33.6,22.8
37169,40,33.5
37171,49.2,43
37173,55.2,46.2
37175,55.4,48.1
37177,46.7,40.2
37179,55.1,46.2
37181,50.4,40.5
37183,73.1,61.1
37185,45.5,33.1
37187,49.4,39.3
37189,58.4,47.5
37191,51.9,42.3
37193,48.8,39
37195,51.8,43.8
37197,48.4,42.5
37199,50.5,44.4
38001,48.8,43.2
38003,57.2,50.7
38005,48.1,44.2
38007,22.2,19.1
38009,48.3,43.3
38011,41.5,33.6
38013,37,34
38015,47.7,41
38017,55.8,50.1
38019,58,53.7
38021,50.2,47.2
38023,40.8,36
38025,24.2,20
38027,49.8,47.2
38029,35.1,29.3
38031,53.1,47.9
38033,31.2,24.6
38035,55.8,48.6
38037,21.6,18.3
38039,46,42.6
38041,38.6,33.9
38043,35,28.5
38045,48.5,43.5
38047,35.8,29.9
38049,39.1,36
38051,44.3,37.4
38053,22.9,17.7
38055,45.8,39
38057,37.7,33.5
38059,43,36.9
38061,48,32.8
38063,66.6,62.6
38065,23.8,21.8
38067,53.8,47.1
38069,44.2,41.2
38071,54.8,50.1
38073,58.3,52.7
38075,36.2,32.2
38077,49.9,45.1
38079,61.9,52.7
38081,57.5,53.1
38083,35.8,32.9
38085,46,35.8
38087,12.3,9.33
38089,37.1,30.5
38091,47.5,41.2
38093,53.3,45.7
38095,44.3,41.8
38097,49,44.5
38099,55.3,48.4
38101,46.9,39.8
38103,43.2,38.3
38105,30,24.8
39001,33.2,29.5
39003,40.2,37.5
39005,40.6,36.8
39007,48.8,45.6
39009,47.7,45
39011,36.4,34.9
39013,44.5,40.7
39015,38.4,35.4
39017,52.4,48.9
39019,40.8,38.6
39021,42.3,39.3
39023,48.3,45.6
39025,52.8,49.8
39027,43.9,41.1
39029,45.8,43
39031,36.5,34
39033,41.6,39.8
39035,59.9,56.3
39037,36.5,34.2
39039,45.6,43.5
39041,67.3,65
39043,55.6,52.8
39045,52.7,49.6
39047,40.6,37.8
39049,58.5,55.4
39051,48.7,46.1
39053,42.4,39
39055,57.1,54.7
39057,62.7,56.2
39059,42,39.1
39061,58.5,54.5
39063,47.5,44.9
39065,35.5,32.9
39067,40.6,37.5
39069,49.8,48
39071,35.9,32.7
39073,44.2,41.1
39075,17.1,16.1
39077,44.4,41.7
39079,43.2,40
39081,47.3,43.8
39083,40.2,38
39085,61.2,57.8
39087,44.8,38.1
39089,50.3,48.1
39091,39.1,37.1
39093,58.3,55.2
39095,53.1,49.9
39097,47.2,44.6
39099,53.5,49.9
39101,44.8,41.6
39103,59.2,56.3
39105,42.4,37.8
39107,35.7,33.8
39109,44.2,41.6
39111,42.2,39.4
39113,52.8,48.8
39115,38.6,36.5
39117,38.5,36.4
39119,44.7,42.4
39121,40.1,37.2
39123,58.2,55.2
39125,39.9,37.7
39127,37.7,35.2
39129,46.9,43.9
39131,42,37.6
39133,53,50.4
39135,40.5,37.6
39137,44.9,42.6
39139,40.6,38.2
39141,47.7,44.2
39143,49.1,46.7
39145,46.9,42.5
39147,45.1,43
39149,33.3,31.5
39151,50.7,47.6
39153,58.5,55.3
39155,52,48.3
39157,41.2,38.9
39159,56,53.7
39161,41.3,37.8
39163,36.7,34.5
39165,58.4,55.8
39167,50.7,47
39169,42,39.7
39171,42.1,39.8
39173,56.9,54.6
39175,44.2,42.1
40001,38.5,28
40003,44.9,40.5
40005,34.3,30.4
40007,30.5,26
40009,41.4,36.1
40011,46.8,40.1
40013,38.2,32.6
40015,62.8,55.2
40017,57.4,49.2
40019,45.6,37.2
40021,48.6,39
40023,33.6,28.2
40025,28.8,25.2
40027,53.5,46.1
40029,39.2,34.9
40031,60.8,49.4
40033,47.2,39
40035,55.1,45.5
40037,43.5,37.4
40039,49.2,41.8
40041,41.3,31.7
40043,25.1,22.9
40045,35.3,31.1
40047,49.8,42.2
40049,47.5,41.1
40051,37.8,32.7
40053,44.4,37
40055,36.9,32
40057,48.9,42.1
40059,43.9,38.8
40061,41,35.4
40063,45.9,39.2
40065,52.5,43.7
40067,41.5,35.8
40069,42.5,35.5
40071,43,36.3
40073,46.5,39.1
40075,52.7,45.4
40077,33.2,29.4
40079,38.8,34
40081,40.5,34.4
40083,34.1,29.2
40085,42.2,35
40087,48.8,42.1
40089,36,29.4
40091,55.6,48.4
40093,48.8,42.7
40095,46.7,37.6
40097,45.2,36.9
40099,44.9,39.4
40101,53.7,43.1
40103,62.7,53.9
40105,45.1,35.1
40107,46.3,40.6
40109,65,54.6
40111,43.1,37.1
40113,35.8,29.3
40115,39.4,33.1
40117,50.1,42.8
40119,49.3,41.9
40121,45.8,38.2
40123,53.1,44.8
40125,48.1,40.9
40127,34.3,30.1
40129,34.9,31.7
40131,46.1,40.1
40133,52.8,45.2
40135,40.1,33.8
40137,48.9,41
40139,42.9,36.4
40141,48,40.6
40143,61.4,52.8
40145,47.1,40.6
40147,45,36.7
40149,40.7,33.3
40151,41.4,35.5
40153,38.3,33
41001,80.3,64.9
41003,71.4,67.5
41005,64.1,60.5
41007,64.7,58.5
41009,59.2,53.4
41011,56.7,50.7
41013,49.1,44.6
41015,57.9,49.1
41017,66,60.9
41019,53.3,47.5
41021,44.4,38.5
41023,44,40.7
41025,44.7,39.5
41027,79,73.6
41029,56.7,51.2
41031,60.2,53.7
41033,49.7,45.1
41035,49.1,44.1
41037,38.2,35.3
41039,66.8,61.2
41041,68.6,63.6
41043,53.8,49.4
41045,44.5,39
41047,60.6,54.8
41049,52.1,46.3
41051,76.6,69.8
41053,60,56
41055,57.5,50.5
41057,63.7,58.6
41059,53.2,47
41061,47.1,42.6
41063,57.1,52.5
41065,62.6,57.5
41067,70.8,66.4
41069,54.4,51.1
41071,60.5,55.2
42001,54.6,48.2
42003,74.9,59.9
42005,58.6,52.1
42007,52.9,47.5
42009,37.4,33.7
42011,64.2,53.8
42013,51.7,45
42015,42.5,37.1
42017,78,62.9
42019,63.6,56.4
42021,56.1,49.6
42023,67.7,51.9
42025,65.1,56.1
42027,62.5,53.6
42029,92.8,59.5
42031,45.6,40.4
42033,50.3,45.2
42035,44.4,38.7
42037,62.2,55.8
42039,50.6,44.4
42041,77.6,60.6
42043,65.2,56.6
42045,77.4,63.5
42047,58.4,51.4
42049,59.4,53.1
42051,59.7,51.8
42053,72.6,67.6
42055,49.2,43.6
42057,33,29.5
42059,50.4,42.1
42061,50.4,45.1
42063,47.7,41.5
42065,50.4,44.3
42067,43.2,38.6
42069,73.7,64.9
42071,63.3,55.8
42073,54.3,48.5
42075,56.3,49
42077,78.4,64
42079,64.9,55.9
42081,53,47.3
42083,56.7,34.5
42085,56.8,49.8
42087,52.1,46.9
42089,61.8,53.5
42091,89.2,60.3
42093,75.2,69.7
42095,77.1,58.4
42097,59.6,53.5
42099,57.3,45.2
42101,67.7,51.2
42103,61,50.1
42105,30.5,29.4
42107,66.3,55.1
42109,48.6,40.9
42111,49.3,43.1
42113,68,43.8
42115,46.5,41.8
42117,42,38.8
42119,59.7,53.2
42121,42.5,38.9
42123,53.5,42.9
42125,71.5,56.7
42127,64.8,56.1
42129,63,52.6
42131,62.9,54.8
42133,60.3,53.3
44001,74.2,69
44003,74.2,69.4
44005,75.7,69.6
44007,67,61
44009,75,69.6
45001,39,35
45003,47,39.8
45005,58.5,49.7
45007,39.6,35.1
45009,50,43.2
45011,54.7,46
45013,69.9,56
45015,46.8,40.1
45017,39.3,33.6
45019,64.1,56.1
45021,33.5,28.7
45023,44.6,38.6
45025,36.6,31.2
45027,47.8,40.3
45029,49.2,41.3
45031,48.3,41.9
45033,44.5,38.3
45035,52.8,45.1
45037,59.2,51.2
45039,54,47.3
45041,53.7,47
45043,56.9,48.5
45045,54,47.1
45047,47.5,42.7
45049,63.6,55
45051,56.9,49.4
45053,39.1,31.6
45055,57,49.6
45057,47.3,37.2
45059,37.6,33.3
45061,40.9,35.7
45063,53.8,47
45065,59.7,53.9
45067,47.8,41.7
45069,42.3,37.1
45071,52.5,46
45073,45.2,40.1
45075,54.6,47.4
45077,46.1,40.8
45079,60.8,52.1
45081,32.2,26.6
45083,42.9,37.5
45085,52.5,41.6
45087,41,35.3
45089,55.8,49.5
45091,48.2,40.1
46003,42.6,41.6
46005,NA,36.7
46007,51.5,44.1
46009,46.1,45
46011,NA,38.8
46013,53,47.8
46015,NA,37.6
46017,56.2,49.3
46019,NA,28.7
46021,30.9,28.5
46023,51.3,42.1
46025,48,44.8
46027,58.4,55.6
46029,NA,39.2
46031,36.3,28.9
46033,NA,38
46035,NA,41.3
46037,NA,47.8
46039,NA,33.2
46041,65.9,56.9
46043,NA,33.9
46045,NA,31.7
46047,NA,44.2
46049,NA,44.2
46051,NA,38.7
46053,NA,37.3
46055,NA,27.8
46057,NA,32.6
46059,NA,35.3
46061,NA,31.4
46063,16.3,15.2
46065,NA,49.6
46067,NA,38.5
46069,NA,39.1
46071,39.9,35.8
46073,NA,38.5
46075,56.5,52.3
46077,NA,56.6
46079,NA,37.5
46081,NA,40.7
46083,41.9,40.2
46085,63.1,52.6
46087,NA,40.4
46089,NA,10.4
46091,43.7,43.6
46093,45.9,43.4
46095,43.5,29.3
46097,48.6,45.4
46099,57.1,52.4
46101,42.3,40.1
46102,65.5,55.7
46103,42.6,40.2
46105,NA,23.6
46107,NA,45.8
46109,NA,49.8
46111,NA,38.7
46115,NA,36.1
46117,58.4,51.6
46119,NA,31.5
46121,56,45.2
46123,NA,30.7
46125,NA,35.8
46127,47.8,43.9
46129,NA,31.3
46135,61.9,55.9
46137,27.2,24.3
47001,54.5,48.1
47003,41.3,34.8
47005,43.5,38.2
47007,35.4,29.6
47009,51.5,45.5
47011,40.9,35.2
47013,43.2,37.1
47015,31.7,26.9
47017,48.4,41
47019,40.2,35.2
47021,49.1,43.2
47023,35.2,30.9
47025,45.3,38.6
47027,29,25.1
47029,49.7,43.9
47031,45.8,38.8
47033,47.8,40.5
47035,46.4,41.6
47037,62.6,55.6
47039,38.1,33
47041,41.1,34.8
47043,47.7,40.8
47045,39.7,33.4
47047,55.8,47.5
47049,32.9,28.6
47051,40.7,34.7
47053,44.6,38.4
47055,38.7,33.1
47057,48.7,42.9
47059,45.9,40.8
47061,30.8,24.6
47063,42.2,36.8
47065,56.3,49.2
47067,32.4,28.3
47069,45.5,39
47071,40.9,35.3
47073,43.8,38.5
47075,51.8,43.8
47077,41.9,36.1
47079,46.4,41.1
47081,41.2,35.5
47083,40.6,35
47085,40.1,34.1
47087,33.5,29.2
47089,49.1,43.5
47091,38.4,32.7
47093,58.3,52.3
47095,35.1,28.9
47097,37.5,31.8
47099,36.7,31.2
47101,35.6,31.1
47103,41.1,36.3
47105,62.5,56.2
47107,38.9,34.1
47109,48.5,41.5
47111,30.6,26.7
47113,53.4,47.4
47115,45.9,38.3
47117,43.1,36.2
47119,62.6,55.2
47121,67.5,59.2
47123,42.3,37.5
47125,54.8,47.9
47127,22.6,19.2
47129,50.5,44.1
47131,40.6,33.5
47133,35.2,30.9
47135,40.2,34.1
47137,43.8,38.8
47139,40.8,36.5
47141,50.1,44.3
47143,42.4,37.1
47145,43.5,38.6
47147,50.8,44.3
47149,51.8,45
47151,35.7,30.9
47153,35.3,28.8
47155,50.4,42.8
47157,56,44.9
47159,32.7,28.1
47161,41.4,35.6
47163,55.5,49.3
47165,46.9,41.1
47167,38.8,33.2
47169,35.7,31.4
47171,53.6,47
47173,34.7,30
47175,57.7,49.3
47177,40.6,34.6
47179,58.2,51.7
47181,41.2,35.6
47183,37.7,32.3
47185,42.4,37
47187,63.1,57.3
47189,50.9,45.3
49001,46.9,38.5
49003,47.8,39.3
49005,55.1,45.5
49007,47.3,40
49009,66.5,50.9
49011,59.7,54
49013,44.1,34.5
49015,42.7,37.2
49017,56,47.9
49019,67.7,57.4
49021,43.2,36.4
49023,36.7,29.8
49025,48.5,42.5
49027,43.5,35.4
49029,50.1,41.9
49031,41.2,32.4
49033,51.1,39.6
49035,65.3,57
49037,57.8,50
49039,39.1,32.5
49041,41.8,34.4
49043,85.9,73.7
49045,54.2,46.3
49047,42.6,33.3
49049,53.2,43.7
49051,56,49.4
49053,49.6,42.6
49055,51.8,45.3
49057,55.4,48
50001,68.3,61.8
50003,42.4,37.5
50005,34.7,31.8
50007,71.1,63.1
50009,39.2,34.1
50011,35.8,31.9
50013,79.2,70.5
50015,63.1,53.5
50017,51.4,45.6
50019,56.9,50.8
50021,68.4,60.9
50023,45.1,40.3
50025,67.5,58.7
50027,50,44.4
51001,68.8,61.7
51003,65.7,58.7
51005,44.6,37.2
51007,38.7,33.6
51009,47.6,42.2
51011,36.2,31.9
51013,75.8,66.9
51015,50.1,45.1
51017,45.9,40.8
51019,46.6,40.7
51021,39.3,34.6
51023,52.3,45.7
51025,55.8,44.3
51027,47.6,41.7
51029,43.1,37.2
51031,42.4,37.6
51033,42,37.5
51035,34.9,30.7
51036,50.2,46.5
51037,41.5,36.5
51041,57.2,50.5
51043,63.5,56
51045,35.7,31.7
51047,48,42.8
51049,39.3,34.2
51051,48.1,40.3
51053,48.7,43.2
51057,48.5,44.2
51059,75.8,67.9
51061,59.7,53
51063,40.6,36.2
51065,61.8,55.7
51067,44.9,39.5
51069,50.4,43.5
51071,46.3,40.7
51073,57.9,51.9
51075,65.7,60.8
51077,41.9,37
51079,49.3,44.5
51081,39.4,33.3
51083,44.6,39.6
51085,59.1,54.4
51087,57.3,51.3
51089,41.7,36.4
51091,58.2,54
51093,51.8,44.8
51095,56.5,50.6
51097,50.4,45.2
51099,48.4,42.7
51101,51.4,46.3
51103,62,56.5
51105,50.7,43.6
51107,69,62.2
51109,44.9,40.1
51111,48.3,43.8
51113,54.8,48.9
51115,60.1,54.1
51117,44.9,39.9
51119,62.6,56.6
51121,48.3,42.3
51125,58.2,52.3
51127,51.9,47.1
51131,69.7,63.6
51133,56.1,51.4
51135,44.8,40.2
51137,45.5,40.5
51139,38.4,34.9
51141,39.9,35.5
51143,43.5,37.8
51145,43.7,38.5
51147,34.9,30.4
51149,60.1,51
51153,69.2,61.5
51155,45.6,40.1
51157,55.8,48.5
51159,41.9,38.4
51161,54.2,47.3
51163,47.8,43.9
51165,44.3,40.4
51167,48.3,41.7
51169,57.6,49.8
51171,50,43.9
51173,49.5,42.7
51175,42.1,34.8
51177,47.4,41.6
51179,53.9,47.8
51181,54.4,48.7
51183,39.1,33.2
51185,43.8,37.1
51187,41.1,35.1
51191,58.4,51
51193,47.6,43
51195,49.6,40
51197,41.2,34.6
51199,57.8,50.9
51510,63.8,55.6
51520,68.8,59.5
51530,40.9,36.7
51540,53.8,47.4
51550,46.3,40.9
51570,41,35.9
51580,40.4,33.6
51590,38.8,33.3
51595,38.6,32.3
51600,62,55.8
51610,60.3,54
51620,43.5,36.6
51630,42,37.7
51640,40.7,36.8
51650,61.9,52.4
51660,41.4,37.3
51670,34.6,29.4
51678,42.7,38.7
51680,35,30.2
51683,54,46.4
51685,48.3,41.5
51690,44.9,39
51700,53.1,46.3
51710,52.2,45.8
51720,39.7,30.8
51730,38.9,33.1
51735,49.1,43.4
51740,89.6,79.1
51750,39.2,34.3
51760,45.3,40.4
51770,45.6,39.1
51775,50.5,46.5
51790,50.1,46.1
51800,50.6,44.2
51810,57.4,50.7
51820,47.1,42.1
51830,44,38.6
51840,48.6,41
53001,54.1,48.1
53003,39.7,36.1
53005,53.1,47.6
53007,67.8,61.3
53009,65.5,60.8
53011,61.4,55.9
53013,46.8,41.3
53015,56.5,50.9
53017,58.9,53.1
53019,53.5,47.9
53021,47.9,41.9
53023,45.4,33.6
53025,52.7,47.4
53027,56,50.8
53029,66.1,57.3
53031,73.9,70.3
53033,74.7,69.9
53035,64.4,56.4
53037,52.6,47.5
53039,46.5,43
53041,49.1,43.8
53043,49.4,46
53045,57.2,51.8
53047,65.5,60.2
53049,54.6,49
53051,39.4,34.5
53053,60.5,54.2
53055,77.3,73.3
53057,63.8,58.1
53059,36.4,34.1
53061,65.1,60.1
53063,58.2,52.3
53065,38.3,33.8
53067,62,57
53069,47.8,44.8
53071,61.3,55.4
53073,69,63.3
53075,46.5,40.3
53077,58.7,51.6
54001,10.9,6.66
54003,38.4,30.2
54005,37.4,30.3
54007,16.1,12.2
54009,27,21.4
54011,28.2,21.7
54013,16.7,12.4
54015,30,23.4
54017,7.23,4.25
54019,33.7,26.3
54021,46,39.9
54023,16.3,13.5
54025,40.6,34
54027,27.7,22.4
54029,28.4,22.7
54031,27.7,24
54033,26,20.8
54035,22.3,17.6
54037,41.4,31.3
54039,41.6,31.1
54041,34,29.5
54043,21.9,16.4
54045,38.7,30
54047,30.3,22.6
54049,14.5,8.91
54051,13.5,10.6
54053,40,32.4
54055,47.8,38.4
54057,38.6,33.4
54059,29.7,23.5
54061,19.5,15.6
54063,33.6,29.3
54065,8.85,5.49
54067,37,29.9
54069,17.4,12.4
54071,43.7,37.1
54073,17.6,13.3
54075,27.9,23.7
54077,37.3,32
54079,23.9,16.8
54081,28.1,21.3
54083,34,28.2
54085,24.5,19.1
54087,8.56,5.17
54089,21.7,17.6
54091,6.76,4.35
54093,34.4,30.2
54095,22.4,18.4
54097,12.7,8.28
54099,36.8,30
54101,36.8,30.7
54103,14.2,10.5
54105,8.98,5.82
54107,46.9,39.2
54109,42.9,35.8
55001,53.8,50.1
55003,65.8,60.9
55005,50.8,47.3
55007,78,73.5
55009,59.8,56.1
55011,48.1,44.7
55013,55.4,50.5
55015,52.2,49.4
55017,53.7,50.3
55019,34.7,32.7
55021,62.9,59.1
55023,54.3,51.3
55025,77.2,72.9
55027,48.9,45.5
55029,74.3,70.1
55031,44.2,37.6
55033,45.6,43.1
55035,57.4,54.8
55037,42.8,40.8
55039,52.4,48.6
55041,56.6,52
55043,52.3,49.2
55045,59.6,57
55047,52.1,48.6
55049,65.2,61.9
55051,55.5,51.7
55053,47.2,43.9
55055,53.8,50.5
55057,51,46.3
55059,56.4,51.8
55061,48.7,45.9
55063,64.2,60.4
55065,56.8,53.5
55067,50.7,47.9
55069,52.3,49.2
55071,56.7,53.3
55073,56.2,52.7
55075,48.2,44.8
55077,50.3,47.5
55078,70.4,66.6
55079,60.2,54.5
55081,50,45.9
55083,49.8,47
55085,61.9,59
55087,59.7,56
55089,67.8,63.5
55091,47.1,44.5
55093,42.2,39
55095,48.6,45
55097,58.6,54.7
55099,58.2,55
55101,56.9,52.3
55103,56.1,52.4
55105,65.7,60.4
55107,39.1,36.1
55109,47,43
55111,60,56
55113,56.5,52.3
55115,50.1,46.5
55117,57.4,54
55119,32.9,31.1
55121,61.3,57.2
55123,51.9,49.1
55125,61.5,57.7
55127,51.4,47.3
55129,60.7,56.9
55131,54.4,50.9
55133,66,61.6
55135,50.7,47.4
55137,42,39.3
55139,57.2,53.6
55141,57.9,53.9
56001,52.9,46.8
56003,36.4,31.3
56005,29,23.9
56007,46.3,38.2
56009,32,27.9
56011,28.8,24.5
56013,62.8,51.2
56015,36.6,33.5
56017,45.3,42.1
56019,41.4,36.9
56021,53,45.9
56023,39.4,33.8
56025,43.8,37.1
56027,28.5,25
56029,45.1,39.7
56031,38.3,35.3
56033,49.3,43.6
56035,34.9,27.7
56037,46,37.1
56039,89.6,79.5
56041,46.8,39.9
56043,39.5,35.3
56045,34.7,30.9
2060,NA,NA
2105,NA,NA
2164,NA,NA
2282,NA,NA
